,Geography,Percent 20-49,Percent Male 20-49,Median Age,County,State
1,0500000US01003,40.0,41.0,43.9,Baldwin County,AL
2,0500000US01015,42.1,42.10000000000001,40.2,Calhoun County,AL
3,0500000US01043,42.4,43.4,40.5,Cullman County,AL
4,0500000US01049,40.800000000000004,42.199999999999996,40.2,DeKalb County,AL
5,0500000US01051,46.099999999999994,45.7,40.0,Elmore County,AL
6,0500000US01055,41.8,42.50000000000001,41.5,Etowah County,AL
7,0500000US01069,43.099999999999994,42.599999999999994,40.5,Houston County,AL
8,0500000US01073,46.3,46.6,38.3,Jefferson County,AL
9,0500000US01077,43.50000000000001,45.0,40.0,Lauderdale County,AL
10,0500000US01081,50.800000000000004,51.5,33.3,Lee County,AL
11,0500000US01083,45.5,46.300000000000004,40.8,Limestone County,AL
12,0500000US01089,46.4,47.7,39.6,Madison County,AL
13,0500000US01095,41.6,44.2,37.8,Marshall County,AL
14,0500000US01097,44.9,44.6,38.8,Mobile County,AL
15,0500000US01101,46.5,47.0,37.2,Montgomery County,AL
16,0500000US01103,41.3,42.800000000000004,40.8,Morgan County,AL
17,0500000US01115,42.8,44.4,41.3,St. Clair County,AL
18,0500000US01117,44.4,44.7,40.6,Shelby County,AL
19,0500000US01121,43.8,46.3,42.9,Talladega County,AL
20,0500000US01125,50.0,50.7,34.4,Tuscaloosa County,AL
21,0500000US02020,51.3,51.2,35.2,Anchorage Municipality,AK
22,0500000US02090,54.3,57.2,32.0,Fairbanks North Star Borough,AK
23,0500000US02170,46.2,47.400000000000006,36.9,Matanuska-Susitna Borough,AK
24,0500000US04001,42.5,44.2,35.9,Apache County,AZ
25,0500000US04003,41.0,44.1,43.2,Cochise County,AZ
26,0500000US04005,47.50000000000001,49.89999999999999,33.0,Coconino County,AZ
27,0500000US04013,47.9,48.7,37.3,Maricopa County,AZ
28,0500000US04015,32.9,33.6,53.4,Mohave County,AZ
29,0500000US04017,39.2,41.2,38.4,Navajo County,AZ
30,0500000US04019,45.5,46.79999999999999,39.1,Pima County,AZ
31,0500000US04021,44.2,47.4,39.8,Pinal County,AZ
32,0500000US04025,31.3,32.2,55.3,Yavapai County,AZ
33,0500000US04027,45.3,48.1,35.4,Yuma County,AZ
34,0500000US05007,48.0,48.7,35.8,Benton County,AR
35,0500000US05031,48.699999999999996,47.19999999999999,33.6,Craighead County,AR
36,0500000US05045,49.7,51.49999999999999,33.3,Faulkner County,AR
37,0500000US05051,39.8,40.9,45.5,Garland County,AR
38,0500000US05069,43.2,44.9,39.3,Jefferson County,AR
39,0500000US05085,48.0,47.9,36.8,Lonoke County,AR
40,0500000US05119,46.8,46.6,37.7,Pulaski County,AR
41,0500000US05125,43.4,44.10000000000001,40.6,Saline County,AR
42,0500000US05131,46.300000000000004,47.4,37.4,Sebastian County,AR
43,0500000US05143,52.19999999999999,53.5,32.8,Washington County,AR
44,0500000US05145,43.50000000000001,43.1,38.0,White County,AR
45,0500000US06001,50.699999999999996,51.5,38.8,Alameda County,CA
46,0500000US06007,46.4,48.1,36.8,Butte County,CA
47,0500000US06013,44.6,45.300000000000004,40.4,Contra Costa County,CA
48,0500000US06017,37.1,38.5,45.7,El Dorado County,CA
49,0500000US06019,48.0,48.699999999999996,33.1,Fresno County,CA
50,0500000US06023,46.4,49.4,39.9,Humboldt County,CA
51,0500000US06025,46.2,48.9,32.8,Imperial County,CA
52,0500000US06029,48.900000000000006,50.7,32.5,Kern County,CA
53,0500000US06031,54.1,59.2,32.2,Kings County,CA
54,0500000US06033,38.099999999999994,39.4,43.9,Lake County,CA
55,0500000US06037,50.5,51.4,37.8,Los Angeles County,CA
56,0500000US06039,44.8,42.9,35.1,Madera County,CA
57,0500000US06041,36.3,38.3,46.9,Marin County,CA
58,0500000US06045,39.3,42.2,42.4,Mendocino County,CA
59,0500000US06047,47.699999999999996,48.4,31.8,Merced County,CA
60,0500000US06053,46.3,48.300000000000004,35.4,Monterey County,CA
61,0500000US06055,43.0,43.9,42.7,Napa County,CA
62,0500000US06057,35.9,36.699999999999996,50.2,Nevada County,CA
63,0500000US06059,47.2,47.9,39.2,Orange County,CA
64,0500000US06061,40.699999999999996,41.8,42.3,Placer County,CA
65,0500000US06065,46.9,47.6,36.6,Riverside County,CA
66,0500000US06067,48.9,49.900000000000006,37.2,Sacramento County,CA
67,0500000US06069,48.300000000000004,49.9,35.4,San Benito County,CA
68,0500000US06071,49.5,50.3,34.3,San Bernardino County,CA
69,0500000US06073,51.0,52.8,36.9,San Diego County,CA
70,0500000US06075,57.1,58.099999999999994,40.4,San Francisco County,CA
71,0500000US06077,47.1,48.1,35.0,San Joaquin County,CA
72,0500000US06079,43.199999999999996,46.400000000000006,40.2,San Luis Obispo County,CA
73,0500000US06081,47.1,48.6,40.8,San Mateo County,CA
74,0500000US06083,47.099999999999994,49.3,34.6,Santa Barbara County,CA
75,0500000US06085,50.49999999999999,52.00000000000001,38.2,Santa Clara County,CA
76,0500000US06087,45.39999999999999,46.2,39.0,Santa Cruz County,CA
77,0500000US06089,40.5,41.9,41.8,Shasta County,CA
78,0500000US06095,46.5,48.5,38.9,Solano County,CA
79,0500000US06097,42.9,44.50000000000001,42.7,Sonoma County,CA
80,0500000US06099,46.8,47.4,34.7,Stanislaus County,CA
81,0500000US06101,46.5,47.699999999999996,36.8,Sutter County,CA
82,0500000US06103,40.3,40.699999999999996,40.7,Tehama County,CA
83,0500000US06107,46.7,47.29999999999999,31.7,Tulare County,CA
84,0500000US06111,45.2,46.400000000000006,39.0,Ventura County,CA
85,0500000US06113,51.699999999999996,52.300000000000004,32.7,Yolo County,CA
86,0500000US06115,48.1,49.2,34.1,Yuba County,CA
87,0500000US08001,52.2,53.5,34.8,Adams County,CO
88,0500000US08005,50.3,51.50000000000001,37.2,Arapahoe County,CO
89,0500000US08013,49.5,51.2,38.2,Boulder County,CO
90,0500000US08014,50.5,52.800000000000004,38.9,Broomfield County,CO
91,0500000US08031,63.599999999999994,64.5,35.1,Denver County,CO
92,0500000US08035,45.0,45.800000000000004,39.3,Douglas County,CO
93,0500000US08041,51.4,53.1,34.9,El Paso County,CO
94,0500000US08059,48.50000000000001,50.20000000000001,40.2,Jefferson County,CO
95,0500000US08069,51.2,52.699999999999996,36.4,Larimer County,CO
96,0500000US08077,42.699999999999996,44.2,41.1,Mesa County,CO
97,0500000US08101,43.8,45.8,40.0,Pueblo County,CO
98,0500000US08123,48.800000000000004,49.599999999999994,35.2,Weld County,CO
99,0500000US09001,42.8,43.699999999999996,41.2,Fairfield County,CT
100,0500000US09003,45.1,46.49999999999999,40.0,Hartford County,CT
101,0500000US09005,38.5,39.1,47.6,Litchfield County,CT
102,0500000US09007,40.800000000000004,42.1,46.7,Middlesex County,CT
103,0500000US09009,45.099999999999994,45.9,40.5,New Haven County,CT
104,0500000US09011,43.8,46.3,41.6,New London County,CT
105,0500000US09013,43.6,44.0,37.9,Tolland County,CT
106,0500000US09015,44.5,45.5,40.8,Windham County,CT
107,0500000US10001,43.8,44.800000000000004,38.8,Kent County,DE
108,0500000US10003,45.5,46.8,39.1,New Castle County,DE
109,0500000US10005,33.4,34.8,51.8,Sussex County,DE
110,0500000US11001,60.89999999999999,60.400000000000006,34.8,District of Columbia,DC
111,0500000US12001,53.699999999999996,54.5,32.8,Alachua County,FL
112,0500000US12005,45.00000000000001,46.39999999999999,41.1,Bay County,FL
113,0500000US12009,38.599999999999994,40.1,47.0,Brevard County,FL
114,0500000US12011,44.7,45.3,41.3,Broward County,FL
115,0500000US12015,26.6,28.699999999999996,60.4,Charlotte County,FL
116,0500000US12017,29.000000000000004,30.9,57.8,Citrus County,FL
117,0500000US12019,41.7,42.3,40.9,Clay County,FL
118,0500000US12021,33.199999999999996,34.39999999999999,52.7,Collier County,FL
119,0500000US12023,43.20000000000001,44.4,39.8,Columbia County,FL
120,0500000US12031,49.4,50.3,36.8,Duval County,FL
121,0500000US12033,46.2,48.300000000000004,38.5,Escambia County,FL
122,0500000US12035,30.299999999999997,30.999999999999996,53.4,Flagler County,FL
123,0500000US12053,37.0,38.300000000000004,47.8,Hernando County,FL
124,0500000US12055,31.900000000000006,36.0,54.4,Highlands County,FL
125,0500000US12057,49.0,49.300000000000004,37.9,Hillsborough County,FL
126,0500000US12061,30.099999999999998,29.0,55.1,Indian River County,FL
127,0500000US12069,37.900000000000006,37.9,46.7,Lake County,FL
128,0500000US12071,36.699999999999996,37.0,49.5,Lee County,FL
129,0500000US12073,52.9,53.50000000000001,32.0,Leon County,FL
130,0500000US12081,35.7,36.6,49.9,Manatee County,FL
131,0500000US12083,36.7,37.8,48.5,Marion County,FL
132,0500000US12085,31.699999999999996,34.8,53.3,Martin County,FL
133,0500000US12086,46.4,48.2,40.9,Miami-Dade County,FL
134,0500000US12087,40.8,41.1,48.2,Monroe County,FL
135,0500000US12089,38.7,40.4,46.9,Nassau County,FL
136,0500000US12091,47.800000000000004,50.89999999999999,37.6,Okaloosa County,FL
137,0500000US12095,52.3,52.8,36.6,Orange County,FL
138,0500000US12097,48.8,49.300000000000004,36.7,Osceola County,FL
139,0500000US12099,39.8,41.3,45.4,Palm Beach County,FL
140,0500000US12101,40.3,40.800000000000004,43.8,Pasco County,FL
141,0500000US12103,39.5,40.6,49.1,Pinellas County,FL
142,0500000US12105,43.9,44.5,39.9,Polk County,FL
143,0500000US12107,37.699999999999996,37.9,45.9,Putnam County,FL
144,0500000US12109,37.8,37.7,44.4,St. Johns County,FL
145,0500000US12111,37.900000000000006,38.5,45.4,St. Lucie County,FL
146,0500000US12113,43.9,44.9,40.8,Santa Rosa County,FL
147,0500000US12115,30.0,31.1,57.0,Sarasota County,FL
148,0500000US12117,48.2,49.2,39.8,Seminole County,FL
149,0500000US12119,19.1,23.7,68.4,Sumter County,FL
150,0500000US12127,38.599999999999994,40.1,46.7,Volusia County,FL
151,0500000US12131,42.0,45.699999999999996,45.0,Walton County,FL
152,0500000US13013,47.6,46.3,36.9,Barrow County,GA
153,0500000US13015,44.099999999999994,46.7,39.7,Bartow County,GA
154,0500000US13021,46.0,45.4,35.7,Bibb County,GA
155,0500000US13031,53.6,56.4,28.6,Bulloch County,GA
156,0500000US13045,49.699999999999996,48.3,34.6,Carroll County,GA
157,0500000US13047,42.6,44.8,40.1,Catoosa County,GA
158,0500000US13051,49.9,50.699999999999996,36.9,Chatham County,GA
159,0500000US13057,43.49999999999999,44.4,40.8,Cherokee County,GA
160,0500000US13059,55.99999999999999,59.5,29.3,Clarke County,GA
161,0500000US13063,49.5,48.4,33.7,Clayton County,GA
162,0500000US13067,49.199999999999996,49.8,37.7,Cobb County,GA
163,0500000US13073,43.699999999999996,43.6,37.6,Columbia County,GA
164,0500000US13077,44.2,43.2,38.9,Coweta County,GA
165,0500000US13089,51.3,51.300000000000004,36.6,DeKalb County,GA
166,0500000US13095,44.900000000000006,46.9,37.4,Dougherty County,GA
167,0500000US13097,47.6,45.699999999999996,37.3,Douglas County,GA
168,0500000US13103,47.3,47.6,36.3,Effingham County,GA
169,0500000US13113,37.0,36.800000000000004,42.5,Fayette County,GA
170,0500000US13115,42.6,44.0,38.5,Floyd County,GA
171,0500000US13117,43.900000000000006,44.0,39.4,Forsyth County,GA
172,0500000US13121,53.5,53.800000000000004,36.0,Fulton County,GA
173,0500000US13127,40.0,38.99999999999999,40.9,Glynn County,GA
174,0500000US13135,47.1,47.199999999999996,36.0,Gwinnett County,GA
175,0500000US13139,44.6,45.5,38.2,Hall County,GA
176,0500000US13151,46.699999999999996,46.300000000000004,37.0,Henry County,GA
177,0500000US13153,48.400000000000006,48.3,36.9,Houston County,GA
178,0500000US13157,42.1,42.5,38.6,Jackson County,GA
179,0500000US13179,54.099999999999994,60.099999999999994,27.9,Liberty County,GA
180,0500000US13185,51.0,51.50000000000001,31.1,Lowndes County,GA
181,0500000US13215,49.5,51.10000000000001,34.7,Muscogee County,GA
182,0500000US13217,45.099999999999994,45.4,37.4,Newton County,GA
183,0500000US13223,46.5,47.199999999999996,36.8,Paulding County,GA
184,0500000US13245,49.7,50.6,35.3,Richmond County,GA
185,0500000US13247,42.7,43.5,38.8,Rockdale County,GA
186,0500000US13255,47.5,44.99999999999999,39.0,Spalding County,GA
187,0500000US13285,48.00000000000001,45.099999999999994,38.5,Troup County,GA
188,0500000US13295,42.099999999999994,42.400000000000006,41.9,Walker County,GA
189,0500000US13297,43.800000000000004,42.9,39.2,Walton County,GA
190,0500000US13313,45.8,46.9,36.1,Whitfield County,GA
191,0500000US15001,40.400000000000006,38.4,44.0,Hawaii County,HI
192,0500000US15003,47.099999999999994,49.199999999999996,39.0,Honolulu County,HI
193,0500000US15007,41.0,41.4,40.6,Kauai County,HI
194,0500000US15009,41.9,41.300000000000004,42.9,Maui County,HI
195,0500000US16001,48.300000000000004,49.3,38.2,Ada County,ID
196,0500000US16005,46.8,46.7,35.0,Bannock County,ID
197,0500000US16019,45.4,46.900000000000006,33.7,Bonneville County,ID
198,0500000US16027,46.199999999999996,46.1,34.6,Canyon County,ID
199,0500000US16055,42.6,43.0,40.5,Kootenai County,ID
200,0500000US16083,43.4,42.1,35.9,Twin Falls County,ID
201,0500000US17019,52.1,52.1,31.0,Champaign County,IL
202,0500000US17031,49.800000000000004,50.60000000000001,37.8,Cook County,IL
203,0500000US17037,52.4,55.49999999999999,32.9,DeKalb County,IL
204,0500000US17043,43.9,44.800000000000004,40.0,DuPage County,IL
205,0500000US17089,43.900000000000006,45.0,39.0,Kane County,IL
206,0500000US17091,42.5,44.3,39.3,Kankakee County,IL
207,0500000US17093,44.099999999999994,45.8,35.9,Kendall County,IL
208,0500000US17097,43.099999999999994,44.199999999999996,38.8,Lake County,IL
209,0500000US17099,41.9,44.3,41.8,LaSalle County,IL
210,0500000US17111,42.4,43.699999999999996,40.6,McHenry County,IL
211,0500000US17113,48.199999999999996,48.5,33.9,McLean County,IL
212,0500000US17115,40.7,40.49999999999999,41.5,Macon County,IL
213,0500000US17119,43.1,43.800000000000004,40.5,Madison County,IL
214,0500000US17143,42.9,42.699999999999996,38.6,Peoria County,IL
215,0500000US17161,41.1,41.6,41.1,Rock Island County,IL
216,0500000US17163,43.699999999999996,44.6,40.1,St. Clair County,IL
217,0500000US17167,43.1,42.699999999999996,40.8,Sangamon County,IL
218,0500000US17179,41.6,43.300000000000004,41.7,Tazewell County,IL
219,0500000US17183,41.6,43.49999999999999,41.0,Vermilion County,IL
220,0500000US17197,44.800000000000004,45.4,39.0,Will County,IL
221,0500000US17199,43.599999999999994,46.3,41.7,Williamson County,IL
222,0500000US17201,42.4,43.0,39.3,Winnebago County,IL
223,0500000US18003,46.6,46.8,36.2,Allen County,IN
224,0500000US18005,48.2,48.199999999999996,37.0,Bartholomew County,IN
225,0500000US18011,43.6,44.3,39.2,Boone County,IN
226,0500000US18019,47.1,47.8,39.1,Clark County,IN
227,0500000US18035,46.1,46.699999999999996,35.2,Delaware County,IN
228,0500000US18039,44.1,45.6,36.0,Elkhart County,IN
229,0500000US18043,45.400000000000006,45.6,39.5,Floyd County,IN
230,0500000US18053,43.2,40.8,40.5,Grant County,IN
231,0500000US18057,44.9,45.699999999999996,37.5,Hamilton County,IN
232,0500000US18059,42.599999999999994,40.99999999999999,40.3,Hancock County,IN
233,0500000US18063,46.0,47.699999999999996,38.9,Hendricks County,IN
234,0500000US18067,42.00000000000001,43.2,41.5,Howard County,IN
235,0500000US18081,46.3,47.0,38.5,Johnson County,IN
236,0500000US18085,44.699999999999996,43.7,38.5,Kosciusko County,IN
237,0500000US18089,43.5,43.9,39.6,Lake County,IN
238,0500000US18091,43.800000000000004,46.8,40.7,LaPorte County,IN
239,0500000US18095,43.7,46.1,41.2,Madison County,IN
240,0500000US18097,50.800000000000004,51.00000000000001,34.5,Marion County,IN
241,0500000US18105,51.6,53.50000000000001,30.2,Monroe County,IN
242,0500000US18109,40.099999999999994,39.9,42.4,Morgan County,IN
243,0500000US18127,45.300000000000004,46.400000000000006,40.9,Porter County,IN
244,0500000US18141,45.2,45.6,37.6,St. Joseph County,IN
245,0500000US18157,53.2,56.599999999999994,28.9,Tippecanoe County,IN
246,0500000US18163,45.599999999999994,46.0,38.4,Vanderburgh County,IN
247,0500000US18167,46.99999999999999,47.8,36.5,Vigo County,IN
248,0500000US18177,41.0,42.3,41.7,Wayne County,IN
249,0500000US19013,46.69999999999999,47.9,36.1,Black Hawk County,IA
250,0500000US19049,50.2,52.400000000000006,35.6,Dallas County,IA
251,0500000US19061,42.400000000000006,44.3,39.4,Dubuque County,IA
252,0500000US19103,56.400000000000006,57.300000000000004,30.9,Johnson County,IA
253,0500000US19113,45.1,44.900000000000006,39.0,Linn County,IA
254,0500000US19153,49.2,50.099999999999994,36.3,Polk County,IA
255,0500000US19155,41.7,42.300000000000004,40.4,Pottawattamie County,IA
256,0500000US19163,43.6,43.0,39.1,Scott County,IA
257,0500000US19169,52.10000000000001,53.599999999999994,26.6,Story County,IA
258,0500000US19193,44.0,44.20000000000001,36.8,Woodbury County,IA
259,0500000US20015,42.300000000000004,44.5,37.8,Butler County,KS
260,0500000US20045,54.39999999999999,54.800000000000004,32.3,Douglas County,KS
261,0500000US20091,46.800000000000004,47.9,38.4,Johnson County,KS
262,0500000US20103,44.9,46.099999999999994,37.5,Leavenworth County,KS
263,0500000US20161,62.89999999999999,67.4,26.3,Riley County,KS
264,0500000US20173,46.199999999999996,46.8,35.9,Sedgwick County,KS
265,0500000US20177,44.0,45.599999999999994,38.4,Shawnee County,KS
266,0500000US20209,46.50000000000001,46.5,34.7,Wyandotte County,KS
267,0500000US21015,44.800000000000004,45.2,37.9,Boone County,KY
268,0500000US21029,44.2,45.2,41.5,Bullitt County,KY
269,0500000US21037,47.3,48.4,38.5,Campbell County,KY
270,0500000US21047,52.6,57.0,28.7,Christian County,KY
271,0500000US21059,42.7,44.89999999999999,39.3,Daviess County,KY
272,0500000US21067,51.5,52.8,35.3,Fayette County,KY
273,0500000US21093,46.2,48.6,37.8,Hardin County,KY
274,0500000US21111,46.8,47.7,38.5,Jefferson County,KY
275,0500000US21117,46.699999999999996,47.099999999999994,38.2,Kenton County,KY
276,0500000US21145,40.599999999999994,41.099999999999994,42.7,McCracken County,KY
277,0500000US21151,47.9,48.599999999999994,33.9,Madison County,KY
278,0500000US21185,43.099999999999994,45.5,40.7,Oldham County,KY
279,0500000US21199,40.4,43.1,40.9,Pulaski County,KY
280,0500000US21227,49.2,51.800000000000004,32.4,Warren County,KY
281,0500000US22005,47.699999999999996,46.800000000000004,35.8,Ascension Parish,LA
282,0500000US22015,47.099999999999994,49.300000000000004,36.0,Bossier Parish,LA
283,0500000US22017,43.800000000000004,44.7,40.4,Caddo Parish,LA
284,0500000US22019,45.199999999999996,46.1,37.5,Calcasieu Parish,LA
285,0500000US22033,49.3,50.300000000000004,34.7,East Baton Rouge Parish,LA
286,0500000US22045,40.4,42.1,38.7,Iberia Parish,LA
287,0500000US22051,44.0,45.2,40.2,Jefferson Parish,LA
288,0500000US22055,48.5,49.900000000000006,36.3,Lafayette Parish,LA
289,0500000US22057,43.7,44.1,39.6,Lafourche Parish,LA
290,0500000US22063,47.1,46.699999999999996,36.5,Livingston Parish,LA
291,0500000US22071,49.7,49.699999999999996,38.3,Orleans Parish,LA
292,0500000US22073,45.699999999999996,45.3,36.8,Ouachita Parish,LA
293,0500000US22079,43.1,45.00000000000001,38.8,Rapides Parish,LA
294,0500000US22097,41.1,40.1,37.9,St. Landry Parish,LA
295,0500000US22103,41.199999999999996,41.5,40.6,St. Tammany Parish,LA
296,0500000US22105,44.300000000000004,43.2,35.6,Tangipahoa Parish,LA
297,0500000US22109,44.400000000000006,44.5,37.7,Terrebonne Parish,LA
298,0500000US23001,43.2,43.50000000000001,40.8,Androscoggin County,ME
299,0500000US23003,36.5,37.5,48.2,Aroostook County,ME
300,0500000US23005,45.199999999999996,46.0,41.8,Cumberland County,ME
301,0500000US23011,42.3,42.20000000000001,44.1,Kennebec County,ME
302,0500000US23019,43.3,44.0,42.2,Penobscot County,ME
303,0500000US23031,41.4,42.2,45.3,York County,ME
304,0500000US24001,47.300000000000004,53.19999999999999,41.3,Allegany County,MD
305,0500000US24003,46.800000000000004,48.4,38.4,Anne Arundel County,MD
306,0500000US24005,43.9,44.300000000000004,39.9,Baltimore County,MD
307,0500000US24009,41.20000000000001,43.099999999999994,40.5,Calvert County,MD
308,0500000US24013,40.300000000000004,41.0,41.3,Carroll County,MD
309,0500000US24015,42.6,42.1,41.3,Cecil County,MD
310,0500000US24017,44.9,44.5,39.0,Charles County,MD
311,0500000US24021,44.5,45.7,38.8,Frederick County,MD
312,0500000US24025,42.9,44.300000000000004,39.6,Harford County,MD
313,0500000US24027,44.8,44.9,39.9,Howard County,MD
314,0500000US24031,44.00000000000001,44.4,40.0,Montgomery County,MD
315,0500000US24033,47.1,48.5,38.4,Prince George's County,MD
316,0500000US24037,47.0,47.9,37.2,St. Mary's County,MD
317,0500000US24043,43.6,47.2,40.7,Washington County,MD
318,0500000US24045,44.1,42.49999999999999,35.9,Wicomico County,MD
319,0500000US24510,52.599999999999994,53.2,36.1,Baltimore city,MD
320,0500000US25001,32.3,33.7,54.6,Barnstable County,MA
321,0500000US25003,37.99999999999999,40.7,47.8,Berkshire County,MA
322,0500000US25005,44.300000000000004,45.00000000000001,41.3,Bristol County,MA
323,0500000US25009,43.6,44.6,40.9,Essex County,MA
324,0500000US25011,39.4,41.1,47.1,Franklin County,MA
325,0500000US25013,44.800000000000004,45.199999999999996,39.9,Hampden County,MA
326,0500000US25015,44.1,45.1,36.4,Hampshire County,MA
327,0500000US25017,49.4,50.4,38.9,Middlesex County,MA
328,0500000US25021,44.800000000000004,45.800000000000004,40.6,Norfolk County,MA
329,0500000US25023,40.8,41.6,42.7,Plymouth County,MA
330,0500000US25025,61.400000000000006,61.7,33.8,Suffolk County,MA
331,0500000US25027,44.800000000000004,45.70000000000001,40.0,Worcester County,MA
332,0500000US26005,41.699999999999996,41.6,40.1,Allegan County,MI
333,0500000US26017,42.1,44.0,43.9,Bay County,MI
334,0500000US26021,39.6,40.9,42.9,Berrien County,MI
335,0500000US26025,42.1,44.2,40.3,Calhoun County,MI
336,0500000US26037,42.800000000000004,42.9,41.5,Clinton County,MI
337,0500000US26045,43.5,43.7,40.9,Eaton County,MI
338,0500000US26049,43.0,43.50000000000001,40.3,Genesee County,MI
339,0500000US26055,41.0,41.8,43.4,Grand Traverse County,MI
340,0500000US26065,50.800000000000004,50.900000000000006,33.8,Ingham County,MI
341,0500000US26067,45.300000000000004,47.7,39.7,Ionia County,MI
342,0500000US26075,42.9,45.0,40.9,Jackson County,MI
343,0500000US26077,49.199999999999996,49.6,34.7,Kalamazoo County,MI
344,0500000US26081,49.1,49.6,36.0,Kent County,MI
345,0500000US26087,39.4,39.9,45.1,Lapeer County,MI
346,0500000US26091,40.7,43.50000000000001,42.0,Lenawee County,MI
347,0500000US26093,39.9,41.0,43.6,Livingston County,MI
348,0500000US26099,44.8,45.5,41.2,Macomb County,MI
349,0500000US26103,45.99999999999999,47.0,39.5,Marquette County,MI
350,0500000US26111,42.0,43.400000000000006,41.1,Midland County,MI
351,0500000US26115,41.199999999999996,42.1,42.8,Monroe County,MI
352,0500000US26117,43.1,46.900000000000006,41.1,Montcalm County,MI
353,0500000US26121,43.2,44.900000000000006,39.8,Muskegon County,MI
354,0500000US26125,45.0,46.5,41.6,Oakland County,MI
355,0500000US26139,44.8,46.4,36.2,Ottawa County,MI
356,0500000US26145,41.9,42.0,40.9,Saginaw County,MI
357,0500000US26147,40.1,40.9,44.6,St. Clair County,MI
358,0500000US26155,40.8,41.900000000000006,43.3,Shiawassee County,MI
359,0500000US26159,39.2,40.1,40.9,Van Buren County,MI
360,0500000US26161,51.199999999999996,52.699999999999996,34.8,Washtenaw County,MI
361,0500000US26163,45.49999999999999,45.8,37.9,Wayne County,MI
362,0500000US27003,44.5,45.599999999999994,38.8,Anoka County,MN
363,0500000US27013,51.9,52.199999999999996,31.8,Blue Earth County,MN
364,0500000US27019,42.1,42.699999999999996,38.6,Carver County,MN
365,0500000US27027,46.300000000000004,49.099999999999994,35.0,Clay County,MN
366,0500000US27035,37.00000000000001,37.9,45.0,Crow Wing County,MN
367,0500000US27037,44.9,45.2,38.5,Dakota County,MN
368,0500000US27053,50.400000000000006,51.199999999999996,37.4,Hennepin County,MN
369,0500000US27109,45.4,45.699999999999996,37.5,Olmsted County,MN
370,0500000US27123,49.3,50.3,35.8,Ramsey County,MN
371,0500000US27131,44.599999999999994,46.5,38.9,Rice County,MN
372,0500000US27137,42.599999999999994,43.5,41.3,St. Louis County,MN
373,0500000US27139,45.7,45.199999999999996,37.4,Scott County,MN
374,0500000US27141,45.1,46.9,38.6,Sherburne County,MN
375,0500000US27145,44.4,44.699999999999996,34.2,Stearns County,MN
376,0500000US27163,42.199999999999996,42.800000000000004,40.0,Washington County,MN
377,0500000US27171,43.099999999999994,44.099999999999994,38.6,Wright County,MN
378,0500000US28033,46.6,47.4,37.5,DeSoto County,MS
379,0500000US28035,47.6,46.5,33.0,Forrest County,MS
380,0500000US28047,45.3,44.00000000000001,37.5,Harrison County,MS
381,0500000US28049,46.699999999999996,46.9,36.7,Hinds County,MS
382,0500000US28059,45.699999999999996,44.6,39.9,Jackson County,MS
383,0500000US28067,39.099999999999994,38.300000000000004,40.2,Jones County,MS
384,0500000US28073,47.4,46.5,37.0,Lamar County,MS
385,0500000US28075,41.9,43.4,40.4,Lauderdale County,MS
386,0500000US28081,45.900000000000006,44.400000000000006,37.9,Lee County,MS
387,0500000US28089,46.1,48.0,39.6,Madison County,MS
388,0500000US28121,46.9,47.2,39.1,Rankin County,MS
389,0500000US29019,51.7,51.900000000000006,32.6,Boone County,MO
390,0500000US29021,43.4,45.89999999999999,38.5,Buchanan County,MO
391,0500000US29031,46.7,47.7,36.7,Cape Girardeau County,MO
392,0500000US29037,41.400000000000006,40.9,39.8,Cass County,MO
393,0500000US29043,43.900000000000006,46.400000000000006,40.2,Christian County,MO
394,0500000US29047,47.7,47.4,37.5,Clay County,MO
395,0500000US29051,45.4,48.099999999999994,39.4,Cole County,MO
396,0500000US29071,40.1,40.9,42.5,Franklin County,MO
397,0500000US29077,49.199999999999996,50.6,36.5,Greene County,MO
398,0500000US29095,48.0,48.1,37.0,Jackson County,MO
399,0500000US29097,45.99999999999999,47.0,37.0,Jasper County,MO
400,0500000US29099,43.3,44.099999999999994,40.4,Jefferson County,MO
401,0500000US29165,45.2,45.199999999999996,38.8,Platte County,MO
402,0500000US29183,44.4,45.599999999999994,39.7,St. Charles County,MO
403,0500000US29187,45.699999999999996,52.4,41.0,St. Francois County,MO
404,0500000US29189,43.2,43.900000000000006,40.3,St. Louis County,MO
405,0500000US29510,55.599999999999994,56.1,36.8,St. Louis city,MO
406,0500000US30013,44.6,45.7,38.6,Cascade County,MT
407,0500000US30029,42.1,42.7,43.0,Flathead County,MT
408,0500000US30031,56.2,58.9,34.2,Gallatin County,MT
409,0500000US30049,42.199999999999996,41.099999999999994,40.6,Lewis and Clark County,MT
410,0500000US30063,53.6,53.800000000000004,37.4,Missoula County,MT
411,0500000US30111,44.8,45.0,38.0,Yellowstone County,MT
412,0500000US31055,48.4,49.300000000000004,35.5,Douglas County,NE
413,0500000US31109,49.8,51.3,34.2,Lancaster County,NE
414,0500000US31153,48.3,49.099999999999994,36.1,Sarpy County,NE
415,0500000US32003,48.1,48.5,38.1,Clark County,NV
416,0500000US32031,47.5,48.50000000000001,38.8,Washoe County,NV
417,0500000US33005,42.1,41.599999999999994,42.8,Cheshire County,NH
418,0500000US33009,41.3,41.3,43.0,Grafton County,NH
419,0500000US33011,45.9,47.1,41.0,Hillsborough County,NH
420,0500000US33013,43.9,45.1,42.9,Merrimack County,NH
421,0500000US33015,41.300000000000004,42.39999999999999,44.5,Rockingham County,NH
422,0500000US33017,47.699999999999996,48.699999999999996,37.7,Strafford County,NH
423,0500000US34001,42.099999999999994,42.400000000000006,42.2,Atlantic County,NJ
424,0500000US34003,42.900000000000006,43.699999999999996,42.2,Bergen County,NJ
425,0500000US34005,44.1,46.199999999999996,41.8,Burlington County,NJ
426,0500000US34007,45.8,46.3,38.6,Camden County,NJ
427,0500000US34009,36.099999999999994,37.3,51.6,Cape May County,NJ
428,0500000US34011,45.3,47.599999999999994,37.7,Cumberland County,NJ
429,0500000US34013,47.0,47.4,38.1,Essex County,NJ
430,0500000US34015,43.5,44.5,41.0,Gloucester County,NJ
431,0500000US34017,58.1,59.7,36.1,Hudson County,NJ
432,0500000US34019,38.6,38.4,46.4,Hunterdon County,NJ
433,0500000US34021,45.1,46.50000000000001,39.8,Mercer County,NJ
434,0500000US34023,45.6,46.7,39.5,Middlesex County,NJ
435,0500000US34025,40.3,40.99999999999999,43.7,Monmouth County,NJ
436,0500000US34027,42.3,42.6,42.7,Morris County,NJ
437,0500000US34029,37.4,38.300000000000004,41.5,Ocean County,NJ
438,0500000US34031,45.4,45.9,38.0,Passaic County,NJ
439,0500000US34033,39.199999999999996,39.0,43.0,Salem County,NJ
440,0500000US34035,43.2,43.5,42.2,Somerset County,NJ
441,0500000US34037,40.800000000000004,41.5,44.3,Sussex County,NJ
442,0500000US34039,45.00000000000001,46.1,39.2,Union County,NJ
443,0500000US34041,40.4,41.3,44.8,Warren County,NJ
444,0500000US35001,47.4,48.4,39.3,Bernalillo County,NM
445,0500000US35013,47.1,48.6,33.6,Do√±a Ana County,NM
446,0500000US35025,49.4,51.8,32.2,Lea County,NM
447,0500000US35031,47.50000000000001,51.0,33.4,McKinley County,NM
448,0500000US35035,45.199999999999996,47.00000000000001,37.0,Otero County,NM
449,0500000US35043,43.0,43.199999999999996,40.3,Sandoval County,NM
450,0500000US35045,43.699999999999996,45.3,36.9,San Juan County,NM
451,0500000US35049,38.5,39.1,47.9,Santa Fe County,NM
452,0500000US35061,44.300000000000004,45.49999999999999,38.9,Valencia County,NM
453,0500000US36001,48.199999999999996,48.4,38.6,Albany County,NY
454,0500000US36005,48.199999999999996,48.9,35.6,Bronx County,NY
455,0500000US36007,43.599999999999994,45.1,40.3,Broome County,NY
456,0500000US36009,38.3,38.599999999999994,42.1,Cattaraugus County,NY
457,0500000US36011,42.099999999999994,46.3,44.2,Cayuga County,NY
458,0500000US36013,39.9,42.0,43.2,Chautauqua County,NY
459,0500000US36015,42.4,44.900000000000006,42.1,Chemung County,NY
460,0500000US36019,45.400000000000006,48.199999999999996,40.6,Clinton County,NY
461,0500000US36027,43.5,44.9,42.6,Dutchess County,NY
462,0500000US36029,44.7,45.8,40.3,Erie County,NY
463,0500000US36045,51.300000000000004,55.099999999999994,34.7,Jefferson County,NY
464,0500000US36047,51.400000000000006,51.699999999999996,36.3,Kings County,NY
465,0500000US36053,38.7,39.599999999999994,42.1,Madison County,NY
466,0500000US36055,44.8,45.4,39.4,Monroe County,NY
467,0500000US36059,42.400000000000006,43.4,41.8,Nassau County,NY
468,0500000US36061,56.6,57.7,39.3,New York County,NY
469,0500000US36063,40.599999999999994,42.1,43.1,Niagara County,NY
470,0500000US36065,41.7,43.6,41.0,Oneida County,NY
471,0500000US36067,43.800000000000004,43.800000000000004,39.4,Onondaga County,NY
472,0500000US36069,39.6,40.00000000000001,44.3,Ontario County,NY
473,0500000US36071,43.3,44.5,37.1,Orange County,NY
474,0500000US36075,41.0,41.3,41.3,Oswego County,NY
475,0500000US36079,41.800000000000004,42.4,44.0,Putnam County,NY
476,0500000US36081,47.3,48.1,40.4,Queens County,NY
477,0500000US36083,45.3,45.900000000000006,40.0,Rensselaer County,NY
478,0500000US36085,44.699999999999996,45.400000000000006,40.9,Richmond County,NY
479,0500000US36087,40.3,41.8,35.2,Rockland County,NY
480,0500000US36089,41.1,42.7,39.1,St. Lawrence County,NY
481,0500000US36091,42.7,43.1,43.5,Saratoga County,NY
482,0500000US36093,44.0,45.699999999999996,40.4,Schenectady County,NY
483,0500000US36101,40.199999999999996,40.9,43.3,Steuben County,NY
484,0500000US36103,42.7,43.9,41.8,Suffolk County,NY
485,0500000US36105,39.8,38.8,43.2,Sullivan County,NY
486,0500000US36109,47.7,48.300000000000004,31.4,Tompkins County,NY
487,0500000US36111,43.0,43.9,44.5,Ulster County,NY
488,0500000US36113,39.400000000000006,40.3,47.2,Warren County,NY
489,0500000US36117,39.1,39.4,43.8,Wayne County,NY
490,0500000US36119,42.6,43.7,41.6,Westchester County,NY
491,0500000US37001,42.7,41.599999999999994,39.6,Alamance County,NC
492,0500000US37019,31.0,31.799999999999997,56.1,Brunswick County,NC
493,0500000US37021,44.39999999999999,45.3,42.9,Buncombe County,NC
494,0500000US37023,41.099999999999994,43.699999999999996,45.3,Burke County,NC
495,0500000US37025,43.0,43.9,37.4,Cabarrus County,NC
496,0500000US37027,40.2,39.400000000000006,43.8,Caldwell County,NC
497,0500000US37031,35.4,37.4,50.3,Carteret County,NC
498,0500000US37035,42.6,44.5,41.4,Catawba County,NC
499,0500000US37037,34.4,32.800000000000004,47.7,Chatham County,NC
500,0500000US37045,41.1,40.199999999999996,40.9,Cleveland County,NC
501,0500000US37049,45.599999999999994,50.3,37.4,Craven County,NC
502,0500000US37051,53.099999999999994,56.400000000000006,31.8,Cumberland County,NC
503,0500000US37057,40.6,41.2,43.4,Davidson County,NC
504,0500000US37063,54.2,55.599999999999994,36.3,Durham County,NC
505,0500000US37067,44.1,44.6,38.6,Forsyth County,NC
506,0500000US37069,40.599999999999994,40.199999999999996,40.8,Franklin County,NC
507,0500000US37071,44.3,44.5,40.4,Gaston County,NC
508,0500000US37081,45.4,45.0,37.9,Guilford County,NC
509,0500000US37085,48.4,48.6,35.5,Harnett County,NC
510,0500000US37089,36.400000000000006,38.300000000000004,47.4,Henderson County,NC
511,0500000US37097,44.00000000000001,44.8,40.7,Iredell County,NC
512,0500000US37101,46.199999999999996,46.9,37.9,Johnston County,NC
513,0500000US37109,39.2,40.3,45.2,Lincoln County,NC
514,0500000US37119,53.4,53.49999999999999,35.7,Mecklenburg County,NC
515,0500000US37125,37.5,37.2,44.0,Moore County,NC
516,0500000US37127,40.800000000000004,43.800000000000004,41.5,Nash County,NC
517,0500000US37129,48.4,50.49999999999999,40.5,New Hanover County,NC
518,0500000US37133,58.300000000000004,61.599999999999994,27.3,Onslow County,NC
519,0500000US37135,46.900000000000006,46.300000000000004,37.4,Orange County,NC
520,0500000US37147,50.4,50.6,33.0,Pitt County,NC
521,0500000US37151,41.4,42.2,41.6,Randolph County,NC
522,0500000US37155,42.800000000000004,44.2,36.9,Robeson County,NC
523,0500000US37157,40.199999999999996,39.6,45.1,Rockingham County,NC
524,0500000US37159,41.89999999999999,42.7,41.2,Rowan County,NC
525,0500000US37171,39.1,40.199999999999996,44.8,Surry County,NC
526,0500000US37179,41.1,41.4,39.2,Union County,NC
527,0500000US37183,49.9,50.1,37.4,Wake County,NC
528,0500000US37191,44.7,46.60000000000001,38.1,Wayne County,NC
529,0500000US37193,39.0,40.1,45.3,Wilkes County,NC
530,0500000US37195,42.6,42.4,41.3,Wilson County,NC
531,0500000US38015,46.00000000000001,47.7,38.5,Burleigh County,ND
532,0500000US38017,53.9,56.699999999999996,33.6,Cass County,ND
533,0500000US38035,52.79999999999999,55.699999999999996,31.0,Grand Forks County,ND
534,0500000US38101,54.0,57.400000000000006,32.3,Ward County,ND
535,0500000US39003,42.6,43.699999999999996,39.9,Allen County,OH
536,0500000US39007,40.1,42.1,42.8,Ashtabula County,OH
537,0500000US39013,40.9,44.5,44.3,Belmont County,OH
538,0500000US39017,43.900000000000006,45.199999999999996,37.3,Butler County,OH
539,0500000US39023,41.8,42.300000000000004,41.1,Clark County,OH
540,0500000US39025,43.6,43.699999999999996,40.3,Clermont County,OH
541,0500000US39029,38.9,41.199999999999996,44.6,Columbiana County,OH
542,0500000US39035,45.1,45.9,40.2,Cuyahoga County,OH
543,0500000US39041,41.9,41.8,39.6,Delaware County,OH
544,0500000US39043,38.800000000000004,40.0,44.9,Erie County,OH
545,0500000US39045,43.400000000000006,45.0,38.9,Fairfield County,OH
546,0500000US39049,52.800000000000004,53.39999999999999,34.7,Franklin County,OH
547,0500000US39055,35.900000000000006,36.4,45.4,Geauga County,OH
548,0500000US39057,45.2,47.199999999999996,38.8,Greene County,OH
549,0500000US39061,46.900000000000006,47.49999999999999,36.9,Hamilton County,OH
550,0500000US39063,44.7,46.2,39.9,Hancock County,OH
551,0500000US39085,40.5,41.699999999999996,44.2,Lake County,OH
552,0500000US39089,42.199999999999996,42.0,39.7,Licking County,OH
553,0500000US39093,41.4,41.800000000000004,41.9,Lorain County,OH
554,0500000US39095,44.9,45.3,38.5,Lucas County,OH
555,0500000US39099,41.0,42.4,42.9,Mahoning County,OH
556,0500000US39101,43.8,47.0,41.0,Marion County,OH
557,0500000US39103,40.599999999999994,41.4,42.8,Medina County,OH
558,0500000US39109,40.900000000000006,40.300000000000004,41.8,Miami County,OH
559,0500000US39113,44.3,45.4,39.0,Montgomery County,OH
560,0500000US39119,43.9,46.1,40.2,Muskingum County,OH
561,0500000US39133,43.0,44.79999999999999,40.1,Portage County,OH
562,0500000US39139,42.9,46.6,40.7,Richland County,OH
563,0500000US39141,45.300000000000004,48.60000000000001,41.6,Ross County,OH
564,0500000US39145,42.9,45.0,39.7,Scioto County,OH
565,0500000US39151,41.6,42.5,41.5,Stark County,OH
566,0500000US39153,44.0,45.6,41.4,Summit County,OH
567,0500000US39155,39.2,40.3,44.6,Trumbull County,OH
568,0500000US39157,40.8,40.300000000000004,40.9,Tuscarawas County,OH
569,0500000US39165,44.0,45.70000000000001,39.3,Warren County,OH
570,0500000US39169,39.800000000000004,42.3,39.9,Wayne County,OH
571,0500000US39173,47.8,48.4,36.0,Wood County,OH
572,0500000US40017,47.7,48.699999999999996,35.7,Canadian County,OK
573,0500000US40027,51.699999999999996,52.9,35.7,Cleveland County,OK
574,0500000US40031,51.50000000000001,53.900000000000006,33.0,Comanche County,OK
575,0500000US40037,41.800000000000004,43.1,40.5,Creek County,OK
576,0500000US40101,44.699999999999996,44.099999999999994,37.6,Muskogee County,OK
577,0500000US40109,48.300000000000004,48.900000000000006,35.4,Oklahoma County,OK
578,0500000US40119,54.400000000000006,60.8,28.6,Payne County,OK
579,0500000US40125,43.9,43.0,38.4,Pottawatomie County,OK
580,0500000US40131,44.1,44.19999999999999,39.5,Rogers County,OK
581,0500000US40143,46.8,47.5,36.2,Tulsa County,OK
582,0500000US40145,44.1,44.6,39.0,Wagoner County,OK
583,0500000US41003,51.5,54.400000000000006,33.5,Benton County,OR
584,0500000US41005,43.8,44.0,41.9,Clackamas County,OR
585,0500000US41017,45.4,46.6,42.6,Deschutes County,OR
586,0500000US41019,37.599999999999994,39.2,46.7,Douglas County,OR
587,0500000US41029,42.1,43.0,42.1,Jackson County,OR
588,0500000US41033,36.400000000000006,35.199999999999996,48.5,Josephine County,OR
589,0500000US41035,40.4,38.4,40.9,Klamath County,OR
590,0500000US41039,47.400000000000006,47.900000000000006,40.5,Lane County,OR
591,0500000US41043,42.599999999999994,42.3,40.3,Linn County,OR
592,0500000US41047,46.400000000000006,48.0,37.1,Marion County,OR
593,0500000US41051,56.2,56.699999999999996,38.4,Multnomah County,OR
594,0500000US41053,43.599999999999994,43.4,37.4,Polk County,OR
595,0500000US41059,46.2,48.0,37.4,Umatilla County,OR
596,0500000US41067,51.199999999999996,52.1,38.1,Washington County,OR
597,0500000US41071,44.2,46.7,39.9,Yamhill County,OR
598,0500000US42001,38.6,39.7,43.9,Adams County,PA
599,0500000US42003,46.199999999999996,48.0,40.6,Allegheny County,PA
600,0500000US42005,38.0,38.9,47.3,Armstrong County,PA
601,0500000US42007,40.5,41.400000000000006,44.7,Beaver County,PA
602,0500000US42011,43.0,43.900000000000006,39.8,Berks County,PA
603,0500000US42013,40.7,42.0,43.6,Blair County,PA
604,0500000US42017,40.5,40.900000000000006,44.1,Bucks County,PA
605,0500000US42019,40.1,41.0,43.5,Butler County,PA
606,0500000US42021,38.099999999999994,39.6,46.0,Cambria County,PA
607,0500000US42025,38.2,39.699999999999996,45.2,Carbon County,PA
608,0500000US42027,50.800000000000004,54.1,34.2,Centre County,PA
609,0500000US42029,42.300000000000004,43.4,40.7,Chester County,PA
610,0500000US42033,41.7,45.6,45.5,Clearfield County,PA
611,0500000US42039,39.3,39.8,43.9,Crawford County,PA
612,0500000US42041,43.6,45.4,40.4,Cumberland County,PA
613,0500000US42043,45.0,45.599999999999994,39.8,Dauphin County,PA
614,0500000US42045,43.900000000000006,44.60000000000001,39.2,Delaware County,PA
615,0500000US42049,42.2,44.1,40.6,Erie County,PA
616,0500000US42051,40.199999999999996,41.199999999999996,45.6,Fayette County,PA
617,0500000US42055,41.3,41.699999999999996,42.1,Franklin County,PA
618,0500000US42063,41.2,42.800000000000004,40.8,Indiana County,PA
619,0500000US42069,42.1,42.699999999999996,42.1,Lackawanna County,PA
620,0500000US42071,42.599999999999994,42.8,39.3,Lancaster County,PA
621,0500000US42073,38.1,39.9,44.9,Lawrence County,PA
622,0500000US42075,40.8,40.7,40.5,Lebanon County,PA
623,0500000US42077,44.900000000000006,45.7,39.1,Lehigh County,PA
624,0500000US42079,42.800000000000004,44.800000000000004,41.9,Luzerne County,PA
625,0500000US42081,42.50000000000001,43.599999999999994,40.8,Lycoming County,PA
626,0500000US42085,39.699999999999996,41.1,44.8,Mercer County,PA
627,0500000US42089,41.9,41.099999999999994,43.7,Monroe County,PA
628,0500000US42091,43.3,44.699999999999996,41.2,Montgomery County,PA
629,0500000US42095,42.2,43.6,41.8,Northampton County,PA
630,0500000US42097,39.89999999999999,41.300000000000004,44.6,Northumberland County,PA
631,0500000US42101,53.1,53.699999999999996,35.2,Philadelphia County,PA
632,0500000US42107,41.2,44.2,43.9,Schuylkill County,PA
633,0500000US42111,39.4,42.8,46.8,Somerset County,PA
634,0500000US42125,40.2,41.400000000000006,44.0,Washington County,PA
635,0500000US42129,38.300000000000004,39.49999999999999,47.3,Westmoreland County,PA
636,0500000US42133,41.9,42.6,40.9,York County,PA
637,0500000US44003,43.4,44.800000000000004,43.4,Kent County,RI
638,0500000US44005,40.1,42.1,46.7,Newport County,RI
639,0500000US44007,47.900000000000006,48.60000000000001,37.9,Providence County,RI
640,0500000US44009,39.199999999999996,40.4,46.2,Washington County,RI
641,0500000US45003,41.2,40.4,41.3,Aiken County,SC
642,0500000US45007,42.5,42.1,41.0,Anderson County,SC
643,0500000US45013,35.7,38.3,47.6,Beaufort County,SC
644,0500000US45015,46.8,47.4,37.0,Berkeley County,SC
645,0500000US45019,48.9,49.800000000000004,39.1,Charleston County,SC
646,0500000US45035,46.199999999999996,46.5,38.3,Dorchester County,SC
647,0500000US45041,42.6,41.7,40.0,Florence County,SC
648,0500000US45045,46.0,46.0,38.5,Greenville County,SC
649,0500000US45047,42.099999999999994,42.3,39.3,Greenwood County,SC
650,0500000US45051,37.1,37.6,49.1,Horry County,SC
651,0500000US45055,39.4,41.1,41.3,Kershaw County,SC
652,0500000US45057,39.9,39.099999999999994,40.3,Lancaster County,SC
653,0500000US45059,42.1,45.699999999999996,41.3,Laurens County,SC
654,0500000US45063,44.1,44.2,39.6,Lexington County,SC
655,0500000US45073,39.0,40.7,47.2,Oconee County,SC
656,0500000US45075,39.199999999999996,40.2,41.1,Orangeburg County,SC
657,0500000US45077,45.9,47.699999999999996,35.9,Pickens County,SC
658,0500000US45079,50.00000000000001,50.699999999999996,34.2,Richland County,SC
659,0500000US45083,45.0,46.1,38.1,Spartanburg County,SC
660,0500000US45085,43.1,46.400000000000006,36.8,Sumter County,SC
661,0500000US45091,44.099999999999994,44.6,39.5,York County,SC
662,0500000US46083,47.599999999999994,48.3,35.6,Lincoln County,SD
663,0500000US46099,48.7,49.7,35.9,Minnehaha County,SD
664,0500000US46103,41.4,42.099999999999994,40.0,Pennington County,SD
665,0500000US47001,42.599999999999994,43.6,41.1,Anderson County,TN
666,0500000US47009,40.8,41.400000000000006,42.7,Blount County,TN
667,0500000US47011,43.9,43.7,39.6,Bradley County,TN
668,0500000US47037,57.300000000000004,57.6,35.0,Davidson County,TN
669,0500000US47059,39.699999999999996,42.0,45.8,Greene County,TN
670,0500000US47065,45.49999999999999,45.5,39.4,Hamilton County,TN
671,0500000US47093,48.1,49.199999999999996,37.7,Knox County,TN
672,0500000US47113,42.49999999999999,42.0,38.5,Madison County,TN
673,0500000US47119,44.900000000000006,47.0,39.9,Maury County,TN
674,0500000US47125,54.4,56.300000000000004,31.9,Montgomery County,TN
675,0500000US47141,47.1,48.699999999999996,37.9,Putnam County,TN
676,0500000US47147,44.00000000000001,44.49999999999999,39.9,Robertson County,TN
677,0500000US47149,52.0,52.800000000000004,34.6,Rutherford County,TN
678,0500000US47155,41.800000000000004,41.6,43.5,Sevier County,TN
679,0500000US47157,47.4,47.5,35.8,Shelby County,TN
680,0500000US47163,41.7,42.5,45.2,Sullivan County,TN
681,0500000US47165,43.9,43.8,40.5,Sumner County,TN
682,0500000US47179,45.1,44.800000000000004,41.1,Washington County,TN
683,0500000US47187,41.5,41.0,40.2,Williamson County,TN
684,0500000US47189,42.5,42.300000000000004,40.8,Wilson County,TN
685,0500000US48005,41.6,41.599999999999994,37.7,Angelina County,TX
686,0500000US48021,44.2,42.5,40.6,Bastrop County,TX
687,0500000US48027,51.2,52.8,31.7,Bell County,TX
688,0500000US48029,50.800000000000004,51.900000000000006,34.4,Bexar County,TX
689,0500000US48037,43.4,46.6,38.1,Bowie County,TX
690,0500000US48039,48.4,49.4,36.2,Brazoria County,TX
691,0500000US48041,56.4,58.1,28.2,Brazos County,TX
692,0500000US48061,45.1,46.2,32.6,Cameron County,TX
693,0500000US48085,48.400000000000006,48.699999999999996,37.6,Collin County,TX
694,0500000US48091,42.0,42.300000000000004,41.9,Comal County,TX
695,0500000US48099,57.2,56.8,32.7,Coryell County,TX
696,0500000US48113,51.7,51.900000000000006,34.0,Dallas County,TX
697,0500000US48121,50.8,50.8,36.8,Denton County,TX
698,0500000US48135,49.699999999999996,49.0,31.9,Ector County,TX
699,0500000US48139,45.5,44.6,36.3,Ellis County,TX
700,0500000US48141,49.6,51.9,33.0,El Paso County,TX
701,0500000US48157,46.699999999999996,45.5,36.9,Fort Bend County,TX
702,0500000US48167,45.800000000000004,46.0,38.2,Galveston County,TX
703,0500000US48181,40.4,39.900000000000006,40.7,Grayson County,TX
704,0500000US48183,43.6,42.4,36.2,Gregg County,TX
705,0500000US48187,46.0,47.50000000000001,37.6,Guadalupe County,TX
706,0500000US48201,50.5,51.0,34.4,Harris County,TX
707,0500000US48203,39.599999999999994,37.699999999999996,39.4,Harrison County,TX
708,0500000US48209,51.8,52.99999999999999,33.6,Hays County,TX
709,0500000US48213,39.3,36.7,42.9,Henderson County,TX
710,0500000US48215,46.7,47.4,30.1,Hidalgo County,TX
711,0500000US48231,45.3,45.599999999999994,37.2,Hunt County,TX
712,0500000US48245,46.5,49.7,36.3,Jefferson County,TX
713,0500000US48251,44.800000000000004,45.300000000000004,37.2,Johnson County,TX
714,0500000US48257,47.1,47.1,34.5,Kaufman County,TX
715,0500000US48291,44.4,42.6,35.6,Liberty County,TX
716,0500000US48303,50.99999999999999,52.3,31.6,Lubbock County,TX
717,0500000US48309,46.699999999999996,47.699999999999996,34.1,McLennan County,TX
718,0500000US48329,54.7,56.800000000000004,32.8,Midland County,TX
719,0500000US48339,44.800000000000004,44.7,37.6,Montgomery County,TX
720,0500000US48355,46.699999999999996,47.5,36.4,Nueces County,TX
721,0500000US48361,43.800000000000004,44.1,38.0,Orange County,TX
722,0500000US48367,43.5,44.9,39.3,Parker County,TX
723,0500000US48375,47.9,49.6,35.3,Potter County,TX
724,0500000US48381,46.599999999999994,46.5,36.0,Randall County,TX
725,0500000US48397,45.199999999999996,46.1,37.5,Rockwall County,TX
726,0500000US48409,44.9,45.6,35.7,San Patricio County,TX
727,0500000US48423,44.699999999999996,43.800000000000004,37.4,Smith County,TX
728,0500000US48427,45.4,45.5,28.4,Starr County,TX
729,0500000US48439,49.0,48.900000000000006,35.1,Tarrant County,TX
730,0500000US48441,48.8,49.3,33.3,Taylor County,TX
731,0500000US48451,45.5,48.1,35.3,Tom Green County,TX
732,0500000US48453,58.7,59.7,35.5,Travis County,TX
733,0500000US48469,44.300000000000004,43.4,36.3,Victoria County,TX
734,0500000US48471,53.39999999999999,58.2,33.3,Walker County,TX
735,0500000US48479,47.3,48.2,29.7,Webb County,TX
736,0500000US48485,47.8,52.4,34.6,Wichita County,TX
737,0500000US48491,50.1,50.4,36.9,Williamson County,TX
738,0500000US48497,42.1,41.7,39.0,Wise County,TX
739,0500000US49005,52.199999999999996,54.2,25.9,Cache County,UT
740,0500000US49011,47.99999999999999,48.3,32.3,Davis County,UT
741,0500000US49035,52.6,53.0,33.8,Salt Lake County,UT
742,0500000US49045,49.199999999999996,49.300000000000004,32.5,Tooele County,UT
743,0500000US49049,53.7,54.5,25.9,Utah County,UT
744,0500000US49053,40.6,41.900000000000006,39.2,Washington County,UT
745,0500000US49057,50.3,51.2,33.5,Weber County,UT
746,0500000US50007,50.4,50.39999999999999,37.4,Chittenden County,VT
747,0500000US51003,40.99999999999999,41.1,40.8,Albemarle County,VA
748,0500000US51013,65.39999999999999,65.30000000000001,35.9,Arlington County,VA
749,0500000US51015,39.8,42.099999999999994,44.6,Augusta County,VA
750,0500000US51019,36.8,36.9,47.1,Bedford County,VA
751,0500000US51041,44.099999999999994,44.300000000000004,39.2,Chesterfield County,VA
752,0500000US51059,46.7,47.199999999999996,38.8,Fairfax County,VA
753,0500000US51061,39.5,41.1,40.4,Fauquier County,VA
754,0500000US51069,41.8,42.099999999999994,40.2,Frederick County,VA
755,0500000US51085,38.599999999999994,39.199999999999996,43.1,Hanover County,VA
756,0500000US51087,46.4,46.800000000000004,39.3,Henrico County,VA
757,0500000US51095,35.7,37.0,47.1,James City County,VA
758,0500000US51107,46.599999999999994,46.5,37.6,Loudoun County,VA
759,0500000US51121,53.099999999999994,55.4,30.2,Montgomery County,VA
760,0500000US51153,47.7,47.8,36.1,Prince William County,VA
761,0500000US51161,40.1,41.900000000000006,45.1,Roanoke County,VA
762,0500000US51165,42.400000000000006,43.3,39.9,Rockingham County,VA
763,0500000US51177,44.5,43.89999999999999,38.3,Spotsylvania County,VA
764,0500000US51179,47.9,49.0,36.6,Stafford County,VA
765,0500000US51199,45.00000000000001,45.3,39.8,York County,VA
766,0500000US51510,60.0,60.7,37.2,Alexandria city,VA
767,0500000US51550,45.89999999999999,48.0,37.8,Chesapeake city,VA
768,0500000US51650,49.199999999999996,50.300000000000004,36.0,Hampton city,VA
769,0500000US51680,52.8,55.400000000000006,27.6,Lynchburg city,VA
770,0500000US51700,49.9,50.8,34.5,Newport News city,VA
771,0500000US51710,60.1,65.10000000000001,31.3,Norfolk city,VA
772,0500000US51740,48.2,48.599999999999994,35.6,Portsmouth city,VA
773,0500000US51760,59.599999999999994,61.099999999999994,34.8,Richmond city,VA
774,0500000US51770,48.099999999999994,49.2,37.6,Roanoke city,VA
775,0500000US51800,44.7,44.300000000000004,39.0,Suffolk city,VA
776,0500000US51810,49.99999999999999,51.8,37.1,Virginia Beach city,VA
777,0500000US53005,45.400000000000006,45.6,36.4,Benton County,WA
778,0500000US53007,42.00000000000001,44.0,39.3,Chelan County,WA
779,0500000US53009,35.400000000000006,38.1,51.5,Clallam County,WA
780,0500000US53011,45.9,46.5,39.2,Clark County,WA
781,0500000US53015,41.4,41.300000000000004,41.6,Cowlitz County,WA
782,0500000US53021,46.4,45.8,30.7,Franklin County,WA
783,0500000US53025,45.7,46.9,33.9,Grant County,WA
784,0500000US53027,39.5,42.7,44.5,Grays Harbor County,WA
785,0500000US53029,41.6,45.0,44.2,Island County,WA
786,0500000US53033,54.800000000000004,56.5,37.4,King County,WA
787,0500000US53035,47.60000000000001,50.9,40.0,Kitsap County,WA
788,0500000US53041,40.699999999999996,39.699999999999996,42.3,Lewis County,WA
789,0500000US53045,40.7,44.0,44.4,Mason County,WA
790,0500000US53053,49.4,50.800000000000004,36.9,Pierce County,WA
791,0500000US53057,41.7,41.599999999999994,41.6,Skagit County,WA
792,0500000US53061,48.5,49.3,38.3,Snohomish County,WA
793,0500000US53063,47.6,48.800000000000004,37.9,Spokane County,WA
794,0500000US53067,46.199999999999996,47.0,39.3,Thurston County,WA
795,0500000US53073,48.1,48.900000000000006,38.8,Whatcom County,WA
796,0500000US53077,44.99999999999999,45.1,32.8,Yakima County,WA
797,0500000US54003,45.8,45.300000000000004,38.5,Berkeley County,WV
798,0500000US54011,45.7,47.5,39.7,Cabell County,WV
799,0500000US54033,41.7,42.0,42.4,Harrison County,WV
800,0500000US54039,41.900000000000006,42.0,43.7,Kanawha County,WV
801,0500000US54061,56.2,56.6,33.0,Monongalia County,WV
802,0500000US54081,40.8,42.0,43.1,Raleigh County,WV
803,0500000US54107,40.3,41.400000000000006,43.4,Wood County,WV
804,0500000US55009,45.300000000000004,46.3,38.3,Brown County,WI
805,0500000US55017,40.3,42.4,42.9,Chippewa County,WI
806,0500000US55025,52.800000000000004,54.60000000000001,35.9,Dane County,WI
807,0500000US55027,43.5,46.00000000000001,42.4,Dodge County,WI
808,0500000US55035,48.6,50.099999999999994,35.5,Eau Claire County,WI
809,0500000US55039,42.5,43.2,41.8,Fond du Lac County,WI
810,0500000US55055,41.5,42.3,42.9,Jefferson County,WI
811,0500000US55059,44.099999999999994,45.7,39.9,Kenosha County,WI
812,0500000US55063,46.89999999999999,48.099999999999994,36.5,La Crosse County,WI
813,0500000US55071,39.2,38.800000000000004,44.6,Manitowoc County,WI
814,0500000US55073,41.1,41.800000000000004,41.4,Marathon County,WI
815,0500000US55079,49.7,49.8,35.4,Milwaukee County,WI
816,0500000US55087,44.7,46.3,38.2,Outagamie County,WI
817,0500000US55089,38.1,39.5,43.7,Ozaukee County,WI
818,0500000US55097,45.800000000000004,46.599999999999994,38.5,Portage County,WI
819,0500000US55101,43.1,44.89999999999999,40.4,Racine County,WI
820,0500000US55105,43.2,43.1,39.9,Rock County,WI
821,0500000US55109,42.5,42.7,40.7,St. Croix County,WI
822,0500000US55111,40.8,41.4,41.0,Sauk County,WI
823,0500000US55117,42.0,43.699999999999996,41.6,Sheboygan County,WI
824,0500000US55127,41.39999999999999,41.400000000000006,41.3,Walworth County,WI
825,0500000US55131,40.1,41.6,43.4,Washington County,WI
826,0500000US55133,39.7,40.5,43.5,Waukesha County,WI
827,0500000US55139,46.4,47.7,38.4,Winnebago County,WI
828,0500000US55141,39.2,40.900000000000006,43.0,Wood County,WI
829,0500000US56021,45.5,46.400000000000006,38.8,Laramie County,WY
830,0500000US56025,44.9,46.1,37.5,Natrona County,WY
831,0500000US72013,44.5,46.89999999999999,45.1,Arecibo Municipio,PR
832,0500000US72021,46.3,50.0,43.8,Bayam√≥n Municipio,PR
833,0500000US72025,45.9,47.300000000000004,44.2,Caguas Municipio,PR
834,0500000US72031,45.3,47.8,44.8,Carolina Municipio,PR
835,0500000US72061,44.199999999999996,49.2,47.0,Guaynabo Municipio,PR
836,0500000US72097,42.99999999999999,46.5,42.6,Mayag√ºez Municipio,PR
837,0500000US72113,44.0,46.800000000000004,43.9,Ponce Municipio,PR
838,0500000US72127,44.099999999999994,45.6,45.3,San Juan Municipio,PR
839,0500000US72135,48.4,52.2,40.4,Toa Alta Municipio,PR
840,0500000US72137,47.1,49.7,42.8,Toa Baja Municipio,PR
841,0500000US72139,47.400000000000006,48.7,43.5,Trujillo Alto Municipio,PR
