,state,county,expense.rent,pop
1037,AK,Anchorage Municipality,10853.7142781554,291826
1112,AK,Fairbanks North Star Borough,11093.7142781554,97581
1157,AK,Juneau City and Borough,12005.7142781554,31275
1172,AK,Kenai Peninsula Borough,9149.71427815536,55400
1247,AK,Matanuska-Susitna Borough,8573.71427815536,88995
2,AL,Autauga County,7145.71427815536,54571
17,AL,Baldwin County,8069.71427815536,182265
32,AL,Barbour County,4829.71427815536,27457
62,AL,Blount County,7949.71427815536,57322
107,AL,Calhoun County,4949.71427815536,118572
122,AL,Chambers County,5741.71427815536,34215
137,AL,Cherokee County,4493.71427815536,25989
152,AL,Chilton County,5381.71427815536,43643
182,AL,Clarke County,5249.71427815536,25833
227,AL,Coffee County,5489.71427815536,49948
242,AL,Colbert County,5201.71427815536,54428
287,AL,Covington County,4649.71427815536,37765
317,AL,Cullman County,5213.71427815536,80406
332,AL,Dale County,4805.71427815536,50251
347,AL,Dallas County,5081.71427815536,43820
362,AL,DeKalb County,4637.71427815536,71109
377,AL,Elmore County,7145.71427815536,79303
392,AL,Escambia County,5381.71427815536,38319
407,AL,Etowah County,4793.71427815536,104430
437,AL,Franklin County,5309.71427815536,31704
452,AL,Geneva County,5021.71427815536,26790
512,AL,Houston County,5021.71427815536,101547
527,AL,Jackson County,5705.71427815536,53227
542,AL,Jefferson County,7949.71427815536,658466
572,AL,Lauderdale County,5201.71427815536,92709
587,AL,Lawrence County,5129.71427815536,34339
602,AL,Lee County,6317.71427815536,140247
617,AL,Limestone County,7013.71427815536,82782
662,AL,Madison County,7013.71427815536,334811
692,AL,Marion County,4493.71427815536,30776
707,AL,Marshall County,4625.71427815536,93019
722,AL,Mobile County,6965.71427815536,412992
752,AL,Montgomery County,7145.71427815536,229363
767,AL,Morgan County,5129.71427815536,119490
812,AL,Pike County,5273.71427815536,32899
842,AL,Russell County,7361.71427815536,52947
872,AL,Shelby County,7949.71427815536,195085
857,AL,St. Clair County,7949.71427815536,83593
902,AL,Talladega County,4889.71427815536,82291
917,AL,Tallapoosa County,5261.71427815536,41616
932,AL,Tuscaloosa County,7253.71427815536,194656
947,AL,Walker County,4817.71427815536,67023
1697,AR,Baxter County,5285.71427815536,41513
1712,AR,Benton County,5825.71427815536,221339
1727,AR,Boone County,4697.71427815536,36903
1772,AR,Carroll County,4781.71427815536,27446
1832,AR,Cleburne County,5141.71427815536,25970
1892,AR,Craighead County,6101.71427815536,96443
1907,AR,Crawford County,5141.71427815536,61948
1922,AR,Crittenden County,7697.71427815536,50902
1997,AR,Faulkner County,7217.71427815536,113237
2042,AR,Garland County,5837.71427815536,96024
2072,AR,Greene County,5849.71427815536,42090
2102,AR,Hot Spring County,5273.71427815536,32923
2132,AR,Independence County,4685.71427815536,36647
2177,AR,Jefferson County,5333.71427815536,77435
2192,AR,Johnson County,4877.71427815536,25540
2297,AR,Lonoke County,7217.71427815536,68356
2342,AR,Miller County,6293.71427815536,43462
2357,AR,Mississippi County,5021.71427815536,46480
2432,AR,Ouachita County,5069.71427815536,26120
2522,AR,Pope County,5129.71427815536,61754
2552,AR,Pulaski County,7217.71427815536,382748
2597,AR,Saline County,7217.71427815536,107118
2642,AR,Sebastian County,5141.71427815536,125744
2582,AR,St. Francis County,4685.71427815536,28258
2702,AR,Union County,5609.71427815536,41639
2732,AR,Washington County,5825.71427815536,203065
2747,AR,White County,5225.71427815536,77076
1442,AZ,Apache County,5885.71427815536,71518
1457,AZ,Cochise County,6497.71427815536,131346
1472,AZ,Coconino County,10877.7142781554,134421
1487,AZ,Gila County,6857.71427815536,53597
1502,AZ,Graham County,7205.71427815536,37220
1547,AZ,Maricopa County,9209.71427815536,3817117
1562,AZ,Mohave County,6173.71427815536,200186
1577,AZ,Navajo County,6221.71427815536,107449
1592,AZ,Pima County,6989.71427815536,980263
1607,AZ,Pinal County,9209.71427815536,375770
1622,AZ,Santa Cruz County,5585.71427815536,47420
1637,AZ,Yavapai County,7481.71427815536,211033
1652,AZ,Yuma County,6029.71427815536,195751
2792,CA,Alameda County,19265.7142781554,1510271
2822,CA,Amador County,8621.71427815536,38091
2837,CA,Butte County,9521.71427815536,220000
2852,CA,Calaveras County,8381.71427815536,45578
2882,CA,Contra Costa County,19265.7142781554,1049025
2897,CA,Del Norte County,7781.71427815536,28610
2912,CA,El Dorado County,10409.7142781554,181058
2927,CA,Fresno County,8021.71427815536,930450
2942,CA,Glenn County,6377.71427815536,28122
2957,CA,Humboldt County,7973.71427815536,134623
2972,CA,Imperial County,7589.71427815536,174528
3002,CA,Kern County,7325.71427815536,839631
3017,CA,Kings County,8525.71427815536,152982
3032,CA,Lake County,7613.71427815536,64665
3047,CA,Lassen County,6485.71427815536,34895
3062,CA,Los Angeles County,15401.7142781554,9818605
3077,CA,Madera County,8045.71427815536,150865
3092,CA,Marin County,29525.7142781554,252409
3122,CA,Mendocino County,8573.71427815536,87841
3137,CA,Merced County,6953.71427815536,255793
3182,CA,Monterey County,13673.7142781554,415057
3197,CA,Napa County,14261.7142781554,136484
3212,CA,Nevada County,9785.71427815536,98764
3227,CA,Orange County,18377.7142781554,3010232
3242,CA,Placer County,10409.7142781554,348432
3272,CA,Riverside County,10625.7142781554,2189641
3287,CA,Sacramento County,10409.7142781554,1418788
3302,CA,San Benito County,14669.7142781554,55269
3317,CA,San Bernardino County,10625.7142781554,2035210
3332,CA,San Diego County,17873.7142781554,3095313
3347,CA,San Francisco County,29525.7142781554,805235
3362,CA,San Joaquin County,8705.71427815536,685306
3377,CA,San Luis Obispo County,13145.7142781554,269637
3392,CA,San Mateo County,29525.7142781554,718451
3407,CA,Santa Barbara County,18797.7142781554,423895
3422,CA,Santa Clara County,26585.7142781554,1781642
3437,CA,Santa Cruz County,20921.7142781554,262382
3452,CA,Shasta County,7889.71427815536,177223
3482,CA,Siskiyou County,6413.71427815536,44900
3497,CA,Solano County,13001.7142781554,413344
3512,CA,Sonoma County,16157.7142781554,483878
3527,CA,Stanislaus County,8429.71427815536,514453
3542,CA,Sutter County,6881.71427815536,94737
3557,CA,Tehama County,6389.71427815536,63463
3587,CA,Tulare County,7181.71427815536,442179
3602,CA,Tuolumne County,8357.71427815536,55365
3617,CA,Ventura County,15137.7142781554,823318
3632,CA,Yolo County,10973.7142781554,200849
3647,CA,Yuba County,6881.71427815536,72155
3662,CO,Adams County,13241.7142781554,441603
3692,CO,Arapahoe County,13241.7142781554,572003
3752,CO,Boulder County,13697.7142781554,294567
3767,CO,Broomfield County,13241.7142781554,55889
3887,CO,Delta County,7253.71427815536,30952
3902,CO,Denver County,13241.7142781554,600158
3932,CO,Douglas County,13241.7142781554,285465
3947,CO,Eagle County,12233.7142781554,52197
3977,CO,El Paso County,8789.71427815536,622263
3992,CO,Fremont County,6245.71427815536,46824
4007,CO,Garfield County,9557.71427815536,56389
4112,CO,Jefferson County,13241.7142781554,534543
4172,CO,La Plata County,9605.71427815536,51334
4187,CO,Larimer County,11093.7142781554,299630
4247,CO,Mesa County,6437.71427815536,146723
4292,CO,Montezuma County,6257.71427815536,25535
4307,CO,Montrose County,6785.71427815536,41276
4322,CO,Morgan County,6053.71427815536,28159
4427,CO,Pueblo County,6725.71427815536,159063
4547,CO,Summit County,12077.7142781554,27994
4592,CO,Weld County,8345.71427815536,252825
0,CT,Fairfield County,13829.7142781554,916829
0,CT,Hartford County,10313.7142781554,894014
0,CT,Litchfield County,9485.71427815536,189927
0,CT,Middlesex County,10313.7142781554,1668761
0,CT,New Haven County,12125.7142781554,862477
0,CT,New London County,9569.71427815536,274055
0,CT,Tolland County,10313.7142781554,152691
0,CT,Windham County,8693.71427815536,162941
0,DC,District of Columbia,16241.7142781554,601723
7157,DE,Kent County,9293.71427815536,162310
7172,DE,New Castle County,10697.7142781554,538479
7187,DE,Sussex County,8537.71427815536,197145
7217,FL,Alachua County,8069.71427815536,247336
7232,FL,Baker County,6257.71427815536,27115
7247,FL,Bay County,9197.71427815536,168852
7262,FL,Bradford County,6065.71427815536,28520
7277,FL,Brevard County,8357.71427815536,543376
7292,FL,Broward County,12413.7142781554,1748066
7322,FL,Charlotte County,7913.71427815536,159978
7337,FL,Citrus County,6473.71427815536,141236
7352,FL,Clay County,8369.71427815536,190865
7367,FL,Collier County,11777.7142781554,321520
7382,FL,Columbia County,6629.71427815536,67531
7397,FL,DeSoto County,5525.71427815536,34862
7427,FL,Duval County,8369.71427815536,864263
7442,FL,Escambia County,8321.71427815536,297619
7457,FL,Flagler County,10013.7142781554,95696
7487,FL,Gadsden County,8105.71427815536,46389
7562,FL,Hardee County,6065.71427815536,27731
7577,FL,Hendry County,6629.71427815536,39140
7592,FL,Hernando County,9785.71427815536,172778
7607,FL,Highlands County,6425.71427815536,98786
7622,FL,Hillsborough County,9785.71427815536,1229226
7652,FL,Indian River County,8417.71427815536,138028
7667,FL,Jackson County,6065.71427815536,49746
7712,FL,Lake County,10841.7142781554,297052
7727,FL,Lee County,8849.71427815536,618754
7742,FL,Leon County,8105.71427815536,275487
7757,FL,Levy County,5117.71427815536,40801
7802,FL,Manatee County,9893.71427815536,322833
7817,FL,Marion County,7337.71427815536,331298
7832,FL,Martin County,9269.71427815536,146318
7847,FL,Miami-Dade County,12557.7142781554,2496435
7862,FL,Monroe County,13673.7142781554,73090
7877,FL,Nassau County,8369.71427815536,73314
7892,FL,Okaloosa County,9017.71427815536,180822
7907,FL,Okeechobee County,6653.71427815536,39996
7922,FL,Orange County,10841.7142781554,1145956
7937,FL,Osceola County,10841.7142781554,268685
7952,FL,Palm Beach County,12533.7142781554,1320134
7967,FL,Pasco County,9785.71427815536,464697
7982,FL,Pinellas County,9785.71427815536,916542
7997,FL,Polk County,7289.71427815536,602095
8012,FL,Putnam County,6209.71427815536,74364
8057,FL,Santa Rosa County,8321.71427815536,151372
8072,FL,Sarasota County,9893.71427815536,379448
8087,FL,Seminole County,10841.7142781554,422718
8027,FL,St. Johns County,8369.71427815536,190039
8042,FL,St. Lucie County,9269.71427815536,277789
8102,FL,Sumter County,6473.71427815536,93420
8117,FL,Suwannee County,6065.71427815536,41551
8162,FL,Volusia County,9209.71427815536,494593
8177,FL,Wakulla County,8057.71427815536,30776
8192,FL,Walton County,7409.71427815536,55043
8282,GA,Baldwin County,6269.71427815536,45720
8312,GA,Barrow County,10385.7142781554,69367
8327,GA,Bartow County,10385.7142781554,100157
8372,GA,Bibb County,7037.71427815536,155547
8432,GA,Bryan County,9233.71427815536,30233
8447,GA,Bulloch County,5777.71427815536,70217
8507,GA,Camden County,7349.71427815536,50513
8537,GA,Carroll County,10385.7142781554,110527
8552,GA,Catoosa County,7121.71427815536,63942
8582,GA,Chatham County,9233.71427815536,265128
8612,GA,Chattooga County,4781.71427815536,26015
8627,GA,Cherokee County,10385.7142781554,214346
8642,GA,Clarke County,6797.71427815536,116714
8672,GA,Clayton County,10385.7142781554,259424
8702,GA,Cobb County,10385.7142781554,688078
8717,GA,Coffee County,5537.71427815536,42356
8732,GA,Colquitt County,5141.71427815536,45498
8747,GA,Columbia County,7157.71427815536,124053
8777,GA,Coweta County,10385.7142781554,127317
8867,GA,DeKalb County,10385.7142781554,691893
8852,GA,Decatur County,4913.71427815536,27842
8912,GA,Dougherty County,5597.71427815536,94565
8927,GA,Douglas County,10385.7142781554,132403
8972,GA,Effingham County,9233.71427815536,52250
9047,GA,Fayette County,10385.7142781554,106567
9062,GA,Floyd County,6077.71427815536,96317
9077,GA,Forsyth County,10385.7142781554,175511
9107,GA,Fulton County,10385.7142781554,920581
9122,GA,Gilmer County,5909.71427815536,28292
9152,GA,Glynn County,6437.71427815536,79626
9167,GA,Gordon County,5225.71427815536,55186
9182,GA,Grady County,5789.71427815536,25011
9212,GA,Gwinnett County,10385.7142781554,805321
9227,GA,Habersham County,5213.71427815536,43041
9242,GA,Hall County,8141.71427815536,179684
9272,GA,Haralson County,7073.71427815536,28780
9287,GA,Harris County,7361.71427815536,32024
9302,GA,Hart County,4781.71427815536,25213
9332,GA,Henry County,10385.7142781554,203922
9347,GA,Houston County,8153.71427815536,139900
9377,GA,Jackson County,5777.71427815536,60485
9467,GA,Jones County,7037.71427815536,28669
9512,GA,Laurens County,5261.71427815536,48434
9527,GA,Lee County,5597.71427815536,28298
9542,GA,Liberty County,8093.71427815536,63453
9587,GA,Lowndes County,5225.71427815536,109233
9602,GA,Lumpkin County,6377.71427815536,29966
9662,GA,Madison County,6797.71427815536,28120
9737,GA,Monroe County,6329.71427815536,26424
9782,GA,Murray County,5177.71427815536,39628
9797,GA,Muscogee County,7361.71427815536,189885
9812,GA,Newton County,10385.7142781554,99958
9827,GA,Oconee County,6797.71427815536,32808
9857,GA,Paulding County,10385.7142781554,142324
9872,GA,Peach County,5837.71427815536,27695
9887,GA,Pickens County,10385.7142781554,29431
9932,GA,Polk County,5513.71427815536,41475
10022,GA,Richmond County,7157.71427815536,200549
10037,GA,Rockdale County,10385.7142781554,85215
10097,GA,Spalding County,10385.7142781554,64073
10112,GA,Stephens County,4781.71427815536,26175
10142,GA,Sumter County,5285.71427815536,32819
10187,GA,Tattnall County,5705.71427815536,25520
10247,GA,Thomas County,6125.71427815536,44720
10262,GA,Tift County,5045.71427815536,40118
10277,GA,Toombs County,5501.71427815536,27223
10322,GA,Troup County,6281.71427815536,67044
10382,GA,Upson County,5741.71427815536,27153
10397,GA,Walker County,7121.71427815536,68756
10412,GA,Walton County,10385.7142781554,83768
10427,GA,Ware County,4853.71427815536,36312
10472,GA,Wayne County,4781.71427815536,30099
10517,GA,White County,5765.71427815536,27144
10532,GA,Whitfield County,6413.71427815536,102599
10607,HI,Hawaii County,11009.7142781554,185079
10622,HI,Honolulu County,17549.7142781554,953207
10652,HI,Kauai County,13313.7142781554,67091
10667,HI,Maui County,14813.7142781554,154834
14327,IA,Benton County,5105.71427815536,26076
14342,IA,Black Hawk County,6737.71427815536,131090
14357,IA,Boone County,6029.71427815536,26306
14492,IA,Cerro Gordo County,5537.71427815536,44151
14582,IA,Clinton County,5465.71427815536,49116
14612,IA,Dallas County,7625.71427815536,66135
14672,IA,Des Moines County,5585.71427815536,40325
14702,IA,Dubuque County,5981.71427815536,93653
14987,IA,Jasper County,5249.71427815536,36842
15017,IA,Johnson County,7001.71427815536,130882
15077,IA,Lee County,5321.71427815536,35862
15092,IA,Linn County,6161.71427815536,211226
15182,IA,Marion County,5453.71427815536,33309
15197,IA,Marshall County,5573.71427815536,40648
15287,IA,Muscatine County,6533.71427815536,42745
15392,IA,Polk County,7625.71427815536,430640
15407,IA,Pottawattamie County,7721.71427815536,93158
15467,IA,Scott County,6569.71427815536,165224
15497,IA,Sioux County,4841.71427815536,33704
15512,IA,Story County,7913.71427815536,89542
15587,IA,Wapello County,5429.71427815536,35625
15602,IA,Warren County,7625.71427815536,46225
15647,IA,Webster County,5021.71427815536,38013
15692,IA,Woodbury County,6233.71427815536,102172
10682,ID,Ada County,7049.71427815536,392365
10712,ID,Bannock County,5153.71427815536,82839
10757,ID,Bingham County,5285.71427815536,45607
10802,ID,Bonner County,5933.71427815536,40877
10817,ID,Bonneville County,5573.71427815536,104234
10877,ID,Canyon County,7049.71427815536,188923
10967,ID,Elmore County,5705.71427815536,27038
11057,ID,Jefferson County,5573.71427815536,26140
11087,ID,Kootenai County,6641.71427815536,138494
11102,ID,Latah County,5717.71427815536,37244
11162,ID,Madison County,6425.71427815536,37536
11192,ID,Nez Perce County,6125.71427815536,39265
11297,ID,Twin Falls County,5609.71427815536,77230
11342,IL,Adams County,5513.71427815536,67103
11387,IL,Boone County,6053.71427815536,54165
11417,IL,Bureau County,5561.71427815536,34978
11477,IL,Champaign County,7145.71427815536,201081
11492,IL,Christian County,5597.71427815536,34800
11537,IL,Clinton County,7349.71427815536,37762
11552,IL,Coles County,5909.71427815536,53873
11567,IL,Cook County,11321.7142781554,5194675
11612,IL,DeKalb County,7589.71427815536,105160
11657,IL,DuPage County,11321.7142781554,916924
11702,IL,Effingham County,5249.71427815536,34242
11747,IL,Franklin County,5369.71427815536,39561
11762,IL,Fulton County,5789.71427815536,37069
11807,IL,Grundy County,8981.71427815536,50063
11882,IL,Henry County,6569.71427815536,50486
11897,IL,Iroquois County,5549.71427815536,29718
11912,IL,Jackson County,5549.71427815536,60218
11942,IL,Jefferson County,5297.71427815536,38827
12002,IL,Kane County,11321.7142781554,515269
12017,IL,Kankakee County,6881.71427815536,113449
12032,IL,Kendall County,10001.7142781554,114736
12047,IL,Knox County,5117.71427815536,52919
12077,IL,La Salle County,5921.71427815536,113924
12062,IL,Lake County,11321.7142781554,703462
12107,IL,Lee County,5693.71427815536,36031
12122,IL,Livingston County,5261.71427815536,38950
12137,IL,Logan County,5393.71427815536,30305
12197,IL,Macon County,5645.71427815536,110768
12212,IL,Macoupin County,5117.71427815536,47765
12227,IL,Madison County,7349.71427815536,269282
12242,IL,Marion County,5117.71427815536,39437
12152,IL,McDonough County,5597.71427815536,32612
12167,IL,McHenry County,11321.7142781554,308760
12182,IL,McLean County,6557.71427815536,169572
12332,IL,Monroe County,7349.71427815536,32957
12347,IL,Montgomery County,5477.71427815536,30104
12362,IL,Morgan County,5357.71427815536,35547
12392,IL,Ogle County,5741.71427815536,53497
12407,IL,Peoria County,6341.71427815536,186494
12512,IL,Randolph County,5813.71427815536,33476
12542,IL,Rock Island County,6569.71427815536,147546
12587,IL,Sangamon County,6677.71427815536,197465
12557,IL,St. Clair County,7349.71427815536,270056
12662,IL,Stephenson County,5117.71427815536,47711
12677,IL,Tazewell County,6341.71427815536,135394
12707,IL,Vermilion County,5525.71427815536,81625
12797,IL,Whiteside County,5873.71427815536,58498
12812,IL,Will County,11321.7142781554,677560
12827,IL,Williamson County,5141.71427815536,66357
12842,IL,Winnebago County,6053.71427815536,295266
12857,IL,Woodford County,6341.71427815536,38664
12872,IN,Adams County,5777.71427815536,34387
12887,IN,Allen County,6173.71427815536,355329
12902,IN,Bartholomew County,7397.71427815536,76794
12947,IN,Boone County,7805.71427815536,56640
12992,IN,Cass County,5033.71427815536,38966
13007,IN,Clark County,7049.71427815536,110232
13022,IN,Clay County,6437.71427815536,26890
13037,IN,Clinton County,5333.71427815536,33224
13067,IN,Daviess County,5033.71427815536,31648
13112,IN,DeKalb County,5573.71427815536,42223
13082,IN,Dearborn County,6833.71427815536,50047
13097,IN,Decatur County,6005.71427815536,25740
13127,IN,Delaware County,5501.71427815536,117671
13142,IN,Dubois County,5153.71427815536,41889
13157,IN,Elkhart County,6221.71427815536,197559
13187,IN,Floyd County,7049.71427815536,74578
13247,IN,Gibson County,5921.71427815536,33503
13262,IN,Grant County,5489.71427815536,70061
13277,IN,Greene County,5597.71427815536,33165
13292,IN,Hamilton County,7805.71427815536,274569
13307,IN,Hancock County,7805.71427815536,70002
13322,IN,Harrison County,7049.71427815536,39364
13337,IN,Hendricks County,7805.71427815536,145448
13352,IN,Henry County,5429.71427815536,49462
13367,IN,Howard County,5465.71427815536,82752
13382,IN,Huntington County,5477.71427815536,37124
13397,IN,Jackson County,6017.71427815536,42376
13412,IN,Jasper County,6437.71427815536,33478
13442,IN,Jefferson County,5561.71427815536,32428
13457,IN,Jennings County,5369.71427815536,28525
13472,IN,Johnson County,7805.71427815536,139654
13487,IN,Knox County,5321.71427815536,38440
13502,IN,Kosciusko County,6113.71427815536,77358
13517,IN,LaGrange County,5513.71427815536,37128
13547,IN,LaPorte County,5921.71427815536,111467
13532,IN,Lake County,7805.71427815536,496005
13562,IN,Lawrence County,5273.71427815536,46134
13577,IN,Madison County,6113.71427815536,131636
13592,IN,Marion County,7805.71427815536,903393
13607,IN,Marshall County,5357.71427815536,47051
13637,IN,Miami County,6005.71427815536,36903
13652,IN,Monroe County,7625.71427815536,137974
13667,IN,Montgomery County,5345.71427815536,38124
13682,IN,Morgan County,7805.71427815536,68894
13712,IN,Noble County,5693.71427815536,47536
13817,IN,Porter County,7805.71427815536,164343
13832,IN,Posey County,6137.71427815536,25910
13862,IN,Putnam County,5585.71427815536,37963
13877,IN,Randolph County,5453.71427815536,26171
13892,IN,Ripley County,5405.71427815536,28818
13952,IN,Shelby County,7805.71427815536,44436
13922,IN,St. Joseph County,6617.71427815536,266931
13997,IN,Steuben County,5537.71427815536,34185
14042,IN,Tippecanoe County,7277.71427815536,172780
14087,IN,Vanderburgh County,6137.71427815536,179703
14117,IN,Vigo County,6437.71427815536,107848
14132,IN,Wabash County,5141.71427815536,32888
14162,IN,Warrick County,6137.71427815536,59689
14177,IN,Washington County,5285.71427815536,28262
14192,IN,Wayne County,5081.71427815536,68917
14207,IN,Wells County,6173.71427815536,27636
14237,IN,Whitley County,6173.71427815536,33292
15797,KS,Barton County,4889.71427815536,27674
15842,KS,Butler County,5969.71427815536,65880
15992,KS,Cowley County,4889.71427815536,36311
16007,KS,Crawford County,5177.71427815536,39134
16067,KS,Douglas County,7265.71427815536,110826
16112,KS,Ellis County,5117.71427815536,28452
16142,KS,Finney County,5897.71427815536,36776
16157,KS,Ford County,5477.71427815536,33848
16172,KS,Franklin County,5801.71427815536,25992
16187,KS,Geary County,7517.71427815536,34362
16322,KS,Harvey County,5969.71427815536,34684
16412,KS,Johnson County,8225.71427815536,544179
16502,KS,Leavenworth County,8225.71427815536,76227
16562,KS,Lyon County,4889.71427815536,33690
16577,KS,McPherson County,5369.71427815536,29180
16637,KS,Miami County,8225.71427815536,32787
16667,KS,Montgomery County,4889.71427815536,35471
16892,KS,Reno County,5405.71427815536,64511
16937,KS,Riley County,7517.71427815536,71115
16997,KS,Saline County,5813.71427815536,55606
17027,KS,Sedgwick County,5969.71427815536,498365
17057,KS,Shawnee County,5909.71427815536,177934
17297,KS,Wyandotte County,8225.71427815536,157505
17372,KY,Barren County,5081.71427815536,42173
17402,KY,Bell County,4925.71427815536,28691
17417,KY,Boone County,6833.71427815536,118811
17447,KY,Boyd County,6101.71427815536,49542
17462,KY,Boyle County,5345.71427815536,28432
17522,KY,Bullitt County,7049.71427815536,74319
17567,KY,Calloway County,4949.71427815536,37191
17582,KY,Campbell County,6833.71427815536,90336
17627,KY,Carter County,4397.71427815536,27720
17657,KY,Christian County,7061.71427815536,73955
17672,KY,Clark County,7097.71427815536,35613
17747,KY,Daviess County,5645.71427815536,96656
17807,KY,Fayette County,7097.71427815536,295803
17837,KY,Floyd County,4877.71427815536,39451
17852,KY,Franklin County,6377.71427815536,49285
17927,KY,Graves County,4397.71427815536,37121
17942,KY,Grayson County,5261.71427815536,25746
17972,KY,Greenup County,6101.71427815536,36910
18002,KY,Hardin County,5741.71427815536,105543
18017,KY,Harlan County,4817.71427815536,29278
18062,KY,Henderson County,6137.71427815536,46250
18107,KY,Hopkins County,4493.71427815536,46920
18137,KY,Jefferson County,7049.71427815536,741096
18152,KY,Jessamine County,7097.71427815536,48586
18182,KY,Kenton County,6833.71427815536,159720
18212,KY,Knox County,5069.71427815536,31883
18242,KY,Laurel County,5309.71427815536,58849
18362,KY,Logan County,4961.71427815536,26835
18437,KY,Madison County,5057.71427815536,82916
18482,KY,Marshall County,5969.71427815536,31448
18392,KY,McCracken County,5405.71427815536,65565
18527,KY,Meade County,5477.71427815536,28602
18602,KY,Montgomery County,5129.71427815536,26499
18632,KY,Muhlenberg County,4757.71427815536,31499
18647,KY,Nelson County,5129.71427815536,43437
18692,KY,Oldham County,7049.71427815536,60316
18752,KY,Perry County,4661.71427815536,28712
18767,KY,Pike County,4997.71427815536,65024
18797,KY,Pulaski County,4625.71427815536,63063
18872,KY,Scott County,7097.71427815536,47173
18887,KY,Shelby County,6209.71427815536,42074
19007,KY,Warren County,6173.71427815536,113792
19067,KY,Whitley County,5153.71427815536,35637
19112,LA,Acadia Parish,4613.71427815536,61773
19127,LA,Allen Parish,5069.71427815536,25764
19142,LA,Ascension Parish,8981.71427815536,107215
19172,LA,Avoyelles Parish,5033.71427815536,42073
19187,LA,Beauregard Parish,5465.71427815536,35654
19217,LA,Bossier Parish,7409.71427815536,116979
19232,LA,Caddo Parish,7409.71427815536,254969
19247,LA,Calcasieu Parish,6725.71427815536,192768
19337,LA,De Soto Parish,7409.71427815536,26656
19352,LA,East Baton Rouge Parish,8981.71427815536,440171
19397,LA,Evangeline Parish,4793.71427815536,33984
19442,LA,Iberia Parish,5921.71427815536,73240
19457,LA,Iberville Parish,6749.71427815536,33387
19502,LA,Jefferson Davis Parish,5513.71427815536,31594
19487,LA,Jefferson Parish,8921.71427815536,432552
19517,LA,Lafayette Parish,7553.71427815536,221578
19532,LA,Lafourche Parish,6821.71427815536,96318
19562,LA,Lincoln Parish,6197.71427815536,46735
19577,LA,Livingston Parish,8981.71427815536,128026
19607,LA,Morehouse Parish,5513.71427815536,27979
19622,LA,Natchitoches Parish,5369.71427815536,39566
19637,LA,Orleans Parish,8921.71427815536,343829
19652,LA,Ouachita Parish,5741.71427815536,153720
19697,LA,Rapides Parish,6269.71427815536,131613
19757,LA,St. Bernard Parish,8921.71427815536,35897
19772,LA,St. Charles Parish,8921.71427815536,52780
19817,LA,St. John the Baptist Parish,8921.71427815536,45924
19832,LA,St. Landry Parish,4973.71427815536,83384
19847,LA,St. Martin Parish,7553.71427815536,52160
19862,LA,St. Mary Parish,5993.71427815536,54650
19877,LA,St. Tammany Parish,8921.71427815536,233740
19892,LA,Tangipahoa Parish,6533.71427815536,121097
19922,LA,Terrebonne Parish,6821.71427815536,111860
19952,LA,Vermilion Parish,5777.71427815536,57999
19967,LA,Vernon Parish,7793.71427815536,52334
19982,LA,Washington Parish,5513.71427815536,47168
19997,LA,Webster Parish,5513.71427815536,41207
0,MA,Barnstable County,12617.7142781554,215888
0,MA,Berkshire County,8909.71427815536,131219
0,MA,Bristol County,8117.71427815536,598160
0,MA,Essex County,20405.7142781554,749465
0,MA,Hampden County,8765.71427815536,463490
0,MA,Hampshire County,8765.71427815536,158080
0,MA,Norfolk County,12425.7142781554,670850
0,MA,Plymouth County,12425.7142781554,494919
0,MA,Suffolk County,20405.7142781554,722023
0,MA,Worcester County,8777.71427815536,798552
28007,MD,Allegany County,5909.71427815536,75087
28022,MD,Anne Arundel County,11681.7142781554,537656
28037,MD,Baltimore County,11681.7142781554,805029
28352,MD,Baltimore city,11681.7142781554,620961
28052,MD,Calvert County,16241.7142781554,88737
28067,MD,Caroline County,7553.71427815536,33066
28082,MD,Carroll County,11681.7142781554,167134
28097,MD,Cecil County,10697.7142781554,101108
28112,MD,Charles County,16241.7142781554,146551
28127,MD,Dorchester County,8069.71427815536,32618
28142,MD,Frederick County,16241.7142781554,233385
28157,MD,Garrett County,5741.71427815536,30097
28172,MD,Harford County,11681.7142781554,244826
28187,MD,Howard County,11681.7142781554,287085
28217,MD,Montgomery County,16241.7142781554,971777
28232,MD,Prince George's County,16241.7142781554,863420
28247,MD,Queen Anne's County,11681.7142781554,47798
28277,MD,Somerset County,7409.71427815536,26470
28262,MD,St. Mary's County,12017.7142781554,105151
28292,MD,Talbot County,9329.71427815536,37782
28307,MD,Washington County,7697.71427815536,147430
28322,MD,Wicomico County,9581.71427815536,98733
28337,MD,Worcester County,8585.71427815536,51454
0,ME,Androscoggin County,7337.71427815536,107702
0,ME,Aroostook County,6389.71427815536,68473
0,ME,Cumberland County,8705.71427815536,281098
0,ME,Franklin County,6593.71427815536,148063
0,ME,Hancock County,8117.71427815536,52727
0,ME,Kennebec County,7061.71427815536,122108
0,ME,Knox County,7949.71427815536,39655
0,ME,Lincoln County,8273.71427815536,33669
0,ME,Oxford County,7001.71427815536,56611
0,ME,Penobscot County,6737.71427815536,143678
0,ME,Sagadahoc County,8777.71427815536,35293
0,ME,Somerset County,6749.71427815536,51024
0,ME,Waldo County,8117.71427815536,38786
0,ME,Washington County,6425.71427815536,214070
0,ME,York County,9281.71427815536,197131
33662,MI,Allegan County,6557.71427815536,111408
33677,MI,Alpena County,5681.71427815536,29598
33737,MI,Barry County,7145.71427815536,59173
33752,MI,Bay County,5789.71427815536,107771
33782,MI,Berrien County,5489.71427815536,156813
33797,MI,Branch County,5513.71427815536,45248
33812,MI,Calhoun County,6005.71427815536,136146
33827,MI,Cass County,5729.71427815536,52293
33842,MI,Charlevoix County,5885.71427815536,25949
33857,MI,Cheboygan County,5333.71427815536,26152
33872,MI,Chippewa County,5309.71427815536,38520
33887,MI,Clare County,5153.71427815536,30926
33902,MI,Clinton County,7553.71427815536,75382
33932,MI,Delta County,5597.71427815536,37069
33947,MI,Dickinson County,5705.71427815536,26168
33962,MI,Eaton County,7553.71427815536,107759
33977,MI,Emmet County,6305.71427815536,32694
33992,MI,Genesee County,5633.71427815536,425790
34007,MI,Gladwin County,5633.71427815536,25692
34037,MI,Grand Traverse County,7937.71427815536,86986
34052,MI,Gratiot County,5141.71427815536,42476
34067,MI,Hillsdale County,5285.71427815536,46688
34082,MI,Houghton County,5225.71427815536,36628
34097,MI,Huron County,5513.71427815536,33118
34112,MI,Ingham County,7553.71427815536,280895
34127,MI,Ionia County,5765.71427815536,63905
34142,MI,Iosco County,6125.71427815536,25887
34172,MI,Isabella County,5921.71427815536,70311
34187,MI,Jackson County,6713.71427815536,160248
34202,MI,Kalamazoo County,6521.71427815536,250331
34232,MI,Kent County,7625.71427815536,602622
34277,MI,Lapeer County,7829.71427815536,88319
34307,MI,Lenawee County,5909.71427815536,99892
34322,MI,Livingston County,7937.71427815536,180967
34367,MI,Macomb County,7829.71427815536,840978
34397,MI,Marquette County,5549.71427815536,67077
34412,MI,Mason County,5429.71427815536,28705
34427,MI,Mecosta County,5897.71427815536,42798
34457,MI,Midland County,6245.71427815536,83629
34487,MI,Monroe County,6761.71427815536,152021
34502,MI,Montcalm County,5945.71427815536,63342
34532,MI,Muskegon County,6017.71427815536,172188
34547,MI,Newaygo County,5297.71427815536,48460
34562,MI,Oakland County,7829.71427815536,1202362
34577,MI,Oceana County,5141.71427815536,26570
34667,MI,Ottawa County,7949.71427815536,263801
34712,MI,Saginaw County,6329.71427815536,200169
34757,MI,Sanilac County,5141.71427815536,43114
34787,MI,Shiawassee County,5297.71427815536,70648
34727,MI,St. Clair County,7829.71427815536,163040
34742,MI,St. Joseph County,5141.71427815536,61295
34802,MI,Tuscola County,5573.71427815536,55729
34817,MI,Van Buren County,6521.71427815536,76258
34832,MI,Washtenaw County,9941.71427815536,344791
34847,MI,Wayne County,7829.71427815536,1820584
34862,MI,Wexford County,5621.71427815536,32735
34892,MN,Anoka County,9773.71427815536,330844
34907,MN,Becker County,5753.71427815536,32504
34922,MN,Beltrami County,5753.71427815536,44442
34937,MN,Benton County,7169.71427815536,38451
34967,MN,Blue Earth County,7373.71427815536,64013
34982,MN,Brown County,5489.71427815536,25893
34997,MN,Carlton County,6833.71427815536,35386
35012,MN,Carver County,9773.71427815536,91042
35027,MN,Cass County,5621.71427815536,28567
35057,MN,Chisago County,9773.71427815536,53887
35072,MN,Clay County,7085.71427815536,58999
35132,MN,Crow Wing County,6137.71427815536,62500
35147,MN,Dakota County,9773.71427815536,398552
35177,MN,Douglas County,5981.71427815536,36009
35222,MN,Freeborn County,5141.71427815536,31255
35237,MN,Goodhue County,5933.71427815536,46183
35267,MN,Hennepin County,9773.71427815536,1152425
35312,MN,Isanti County,9773.71427815536,37816
35327,MN,Itasca County,5837.71427815536,45058
35372,MN,Kandiyohi County,5693.71427815536,42239
35462,MN,Le Sueur County,6005.71427815536,27703
35492,MN,Lyon County,5141.71427815536,25857
35507,MN,McLeod County,5873.71427815536,36651
35582,MN,Mille Lacs County,6761.71427815536,26097
35597,MN,Morrison County,5141.71427815536,33198
35612,MN,Mower County,5657.71427815536,39163
35642,MN,Nicollet County,7373.71427815536,32727
35687,MN,Olmsted County,7601.71427815536,144248
35702,MN,Otter Tail County,5189.71427815536,57303
35732,MN,Pine County,5909.71427815536,29750
35762,MN,Polk County,6845.71427815536,31600
35792,MN,Ramsey County,9773.71427815536,508640
35852,MN,Rice County,6881.71427815536,64142
35912,MN,Scott County,9773.71427815536,129928
35927,MN,Sherburne County,9773.71427815536,88499
35897,MN,St. Louis County,6833.71427815536,200226
35957,MN,Stearns County,7169.71427815536,150642
35972,MN,Steele County,6029.71427815536,36576
36092,MN,Washington County,9773.71427815536,238136
36137,MN,Winona County,5729.71427815536,51461
36152,MN,Wright County,9773.71427815536,124700
37412,MO,Adair County,4721.71427815536,25607
37457,MO,Audrain County,4997.71427815536,25529
37472,MO,Barry County,4733.71427815536,35597
37547,MO,Boone County,6701.71427815536,162642
37562,MO,Buchanan County,5885.71427815536,89201
37577,MO,Butler County,4925.71427815536,42794
37607,MO,Callaway County,5045.71427815536,44332
37622,MO,Camden County,5141.71427815536,44002
37637,MO,Cape Girardeau County,5573.71427815536,75674
37682,MO,Cass County,8225.71427815536,99478
37727,MO,Christian County,5525.71427815536,77422
37757,MO,Clay County,8225.71427815536,221939
37787,MO,Cole County,4817.71427815536,75990
37922,MO,Dunklin County,4745.71427815536,31953
37937,MO,Franklin County,7349.71427815536,101492
37982,MO,Greene County,5525.71427815536,275174
38087,MO,Howell County,4649.71427815536,40400
38117,MO,Jackson County,8225.71427815536,674158
38132,MO,Jasper County,5597.71427815536,117404
38147,MO,Jefferson County,7349.71427815536,218733
38162,MO,Johnson County,5321.71427815536,52595
38192,MO,Laclede County,4649.71427815536,35571
38207,MO,Lafayette County,8225.71427815536,33381
38222,MO,Lawrence County,4829.71427815536,38634
38252,MO,Lincoln County,7349.71427815536,52566
38357,MO,Marion County,5057.71427815536,28781
38492,MO,Newton County,5597.71427815536,58114
38597,MO,Pettis County,5777.71427815536,42201
38612,MO,Phelps County,5417.71427815536,45156
38642,MO,Platte County,8225.71427815536,89322
38657,MO,Polk County,4721.71427815536,31137
38672,MO,Pulaski County,6881.71427815536,52274
38717,MO,Randolph County,5381.71427815536,25414
38897,MO,Scott County,4997.71427815536,39191
38777,MO,St. Charles County,7349.71427815536,360485
38822,MO,St. Francois County,4649.71427815536,65359
38837,MO,St. Louis County,7349.71427815536,998954
39122,MO,St. Louis city,7349.71427815536,319294
38942,MO,Stoddard County,4649.71427815536,29968
38957,MO,Stone County,5633.71427815536,32202
38987,MO,Taney County,5861.71427815536,51675
39002,MO,Texas County,4649.71427815536,26008
39032,MO,Warren County,7349.71427815536,32513
39047,MO,Washington County,4649.71427815536,25195
39077,MO,Webster County,5525.71427815536,36202
36182,MS,Adams County,5309.71427815536,32297
36197,MS,Alcorn County,4937.71427815536,37057
36257,MS,Bolivar County,5033.71427815536,34145
36377,MS,Coahoma County,4697.71427815536,26151
36392,MS,Copiah County,7541.71427815536,29449
36422,MS,DeSoto County,7697.71427815536,161252
36437,MS,Forrest County,6293.71427815536,74934
36512,MS,Hancock County,6965.71427815536,43929
36527,MS,Harrison County,6965.71427815536,187105
36542,MS,Hinds County,7541.71427815536,245285
36617,MS,Jackson County,6653.71427815536,139668
36677,MS,Jones County,5597.71427815536,67761
36707,MS,Lafayette County,8033.71427815536,47351
36722,MS,Lamar County,6293.71427815536,55658
36737,MS,Lauderdale County,5729.71427815536,80261
36782,MS,Lee County,5369.71427815536,82910
36797,MS,Leflore County,4697.71427815536,32317
36812,MS,Lincoln County,4853.71427815536,34869
36827,MS,Lowndes County,5273.71427815536,59779
36842,MS,Madison County,7541.71427815536,95203
36857,MS,Marion County,5621.71427815536,27088
36872,MS,Marshall County,5561.71427815536,37144
36887,MS,Monroe County,5033.71427815536,36989
36917,MS,Neshoba County,4697.71427815536,29676
36962,MS,Oktibbeha County,6977.71427815536,47671
36977,MS,Panola County,5009.71427815536,34707
36992,MS,Pearl River County,5765.71427815536,55834
37022,MS,Pike County,5129.71427815536,40404
37037,MS,Pontotoc County,4865.71427815536,29957
37052,MS,Prentiss County,5249.71427815536,25276
37082,MS,Rankin County,7541.71427815536,141617
37097,MS,Scott County,5021.71427815536,28264
37127,MS,Simpson County,6017.71427815536,27503
37172,MS,Sunflower County,5621.71427815536,29450
37202,MS,Tate County,6197.71427815536,28886
37262,MS,Union County,5621.71427815536,27134
37292,MS,Warren County,5717.71427815536,48773
37307,MS,Washington County,5345.71427815536,51137
37397,MS,Yazoo County,5069.71427815536,28065
39227,MT,Cascade County,5837.71427815536,81327
39347,MT,Flathead County,6761.71427815536,90928
39362,MT,Gallatin County,6989.71427815536,89513
39482,MT,Lake County,6101.71427815536,28746
39497,MT,Lewis and Clark County,7229.71427815536,63395
39602,MT,Missoula County,7577.71427815536,109299
39737,MT,Ravalli County,5765.71427815536,40212
39827,MT,Silver Bow County,6017.71427815536,34200
39962,MT,Yellowstone County,6953.71427815536,147972
47252,NC,Alamance County,6437.71427815536,151131
47267,NC,Alexander County,5381.71427815536,37198
47297,NC,Anson County,5909.71427815536,26948
47312,NC,Ashe County,4949.71427815536,27281
47342,NC,Beaufort County,5633.71427815536,47759
47372,NC,Bladen County,4949.71427815536,35190
47387,NC,Brunswick County,7625.71427815536,107431
47402,NC,Buncombe County,8381.71427815536,238318
47417,NC,Burke County,5381.71427815536,90912
47432,NC,Cabarrus County,9557.71427815536,178011
47447,NC,Caldwell County,5381.71427815536,83029
47477,NC,Carteret County,6809.71427815536,66469
47507,NC,Catawba County,5381.71427815536,154358
47522,NC,Chatham County,9617.71427815536,63505
47537,NC,Cherokee County,5609.71427815536,27444
47582,NC,Cleveland County,5945.71427815536,98078
47597,NC,Columbus County,5261.71427815536,58098
47612,NC,Craven County,6905.71427815536,103505
47627,NC,Cumberland County,7781.71427815536,319431
47657,NC,Dare County,8045.71427815536,33920
47672,NC,Davidson County,5777.71427815536,162878
47687,NC,Davie County,5789.71427815536,41240
47702,NC,Duplin County,5261.71427815536,58505
47717,NC,Durham County,9617.71427815536,267587
47732,NC,Edgecombe County,5453.71427815536,56552
47747,NC,Forsyth County,5789.71427815536,350670
47762,NC,Franklin County,10181.7142781554,60619
47777,NC,Gaston County,9557.71427815536,206086
47822,NC,Granville County,6209.71427815536,59916
47852,NC,Guilford County,6725.71427815536,488406
47867,NC,Halifax County,5921.71427815536,54691
47882,NC,Harnett County,5933.71427815536,114678
47897,NC,Haywood County,7613.71427815536,59036
47912,NC,Henderson County,8381.71427815536,106740
47942,NC,Hoke County,6329.71427815536,46952
47972,NC,Iredell County,7949.71427815536,159437
47987,NC,Jackson County,5861.71427815536,40271
48002,NC,Johnston County,10181.7142781554,168878
48032,NC,Lee County,6521.71427815536,57866
48047,NC,Lenoir County,5285.71427815536,59495
48062,NC,Lincoln County,6761.71427815536,78265
48092,NC,Macon County,5957.71427815536,33922
48077,NC,McDowell County,5777.71427815536,44996
48137,NC,Mecklenburg County,9557.71427815536,919628
48167,NC,Montgomery County,5453.71427815536,27798
48182,NC,Moore County,6941.71427815536,88247
48197,NC,Nash County,5453.71427815536,95840
48212,NC,New Hanover County,8273.71427815536,202667
48242,NC,Onslow County,6797.71427815536,177772
48257,NC,Orange County,9617.71427815536,133801
48287,NC,Pasquotank County,5981.71427815536,40661
48302,NC,Pender County,7121.71427815536,52217
48332,NC,Person County,5201.71427815536,39464
48347,NC,Pitt County,6125.71427815536,168148
48377,NC,Randolph County,6725.71427815536,141752
48392,NC,Richmond County,5705.71427815536,46639
48407,NC,Robeson County,4973.71427815536,134168
48422,NC,Rockingham County,4949.71427815536,93643
48437,NC,Rowan County,6869.71427815536,138428
48452,NC,Rutherford County,4949.71427815536,67810
48467,NC,Sampson County,5057.71427815536,63431
48482,NC,Scotland County,5105.71427815536,36157
48497,NC,Stanly County,5213.71427815536,60585
48512,NC,Stokes County,5789.71427815536,47401
48527,NC,Surry County,4997.71427815536,73673
48557,NC,Transylvania County,5921.71427815536,33090
48587,NC,Union County,9557.71427815536,201292
48602,NC,Vance County,5837.71427815536,45422
48617,NC,Wake County,10181.7142781554,900993
48662,NC,Watauga County,7265.71427815536,51079
48677,NC,Wayne County,5621.71427815536,122623
48692,NC,Wilkes County,4949.71427815536,69340
48707,NC,Wilson County,6449.71427815536,81234
48722,NC,Yadkin County,5789.71427815536,38406
48857,ND,Burleigh County,6749.71427815536,81308
48872,ND,Cass County,7085.71427815536,149778
49007,ND,Grand Forks County,6845.71427815536,66861
49187,ND,Morton County,6749.71427815536,27471
49502,ND,Ward County,8753.71427815536,61675
39977,NE,Adams County,6221.71427815536,31364
40112,NE,Buffalo County,6245.71427815536,46102
40157,NE,Cass County,7721.71427815536,25241
40367,NE,Dodge County,6533.71427815536,36691
40382,NE,Douglas County,7721.71427815536,517110
40562,NE,Hall County,5717.71427815536,58607
40787,NE,Lancaster County,6233.71427815536,285407
40802,NE,Lincoln County,5693.71427815536,36288
40862,NE,Madison County,5777.71427815536,34876
41027,NE,Platte County,6173.71427815536,32237
41117,NE,Sarpy County,7721.71427815536,158840
41147,NE,Scotts Bluff County,5897.71427815536,36970
0,NH,Belknap County,8489.71427815536,60088
0,NH,Carroll County,8813.71427815536,47698
0,NH,Cheshire County,8885.71427815536,77117
0,NH,Coos County,7121.71427815536,32961
0,NH,Grafton County,8525.71427815536,89118
0,NH,Hillsborough County,11825.7142781554,400721
0,NH,Merrimack County,9293.71427815536,146445
0,NH,Rockingham County,11477.7142781554,295223
0,NH,Strafford County,9785.71427815536,123143
0,NH,Sullivan County,8069.71427815536,43742
45512,NJ,Atlantic County,10829.7142781554,274549
45527,NJ,Bergen County,15893.7142781554,905116
45542,NJ,Burlington County,10697.7142781554,448734
45557,NJ,Camden County,10697.7142781554,513657
45572,NJ,Cape May County,10769.7142781554,97265
45587,NJ,Cumberland County,10025.7142781554,156898
45602,NJ,Essex County,13049.7142781554,783969
45617,NJ,Gloucester County,10697.7142781554,288288
45632,NJ,Hudson County,14657.7142781554,634266
45647,NJ,Hunterdon County,15113.7142781554,128349
45662,NJ,Mercer County,11777.7142781554,366513
45677,NJ,Middlesex County,15113.7142781554,809858
45692,NJ,Monmouth County,12437.7142781554,630380
45707,NJ,Morris County,13049.7142781554,492276
45722,NJ,Ocean County,12437.7142781554,576567
45737,NJ,Passaic County,15893.7142781554,501226
45752,NJ,Salem County,10697.7142781554,66083
45767,NJ,Somerset County,15113.7142781554,323444
45782,NJ,Sussex County,13049.7142781554,149265
45797,NJ,Union County,13049.7142781554,536499
45812,NJ,Warren County,11621.7142781554,108692
45827,NM,Bernalillo County,7325.71427815536,662564
45857,NM,Chaves County,6293.71427815536,65645
45872,NM,Cibola County,6017.71427815536,27213
45902,NM,Curry County,7145.71427815536,48376
45932,NM,Dona Ana County,5681.71427815536,209233
45947,NM,Eddy County,7229.71427815536,53829
45962,NM,Grant County,6353.71427815536,29514
46022,NM,Lea County,7745.71427815536,64727
46067,NM,Luna County,5141.71427815536,25095
46082,NM,McKinley County,6701.71427815536,71492
46112,NM,Otero County,6089.71427815536,63797
46142,NM,Rio Arriba County,6125.71427815536,40246
46187,NM,San Juan County,6881.71427815536,130044
46202,NM,San Miguel County,6713.71427815536,29393
46172,NM,Sandoval County,7325.71427815536,131561
46217,NM,Santa Fe County,9929.71427815536,144170
46262,NM,Taos County,7685.71427815536,32937
46307,NM,Valencia County,7325.71427815536,76569
41612,NV,Carson City,6941.71427815536,55274
41387,NV,Clark County,8285.71427815536,1951269
41402,NV,Douglas County,8417.71427815536,46997
41417,NV,Elko County,7121.71427815536,48818
41507,NV,Lyon County,6353.71427815536,51980
41537,NV,Nye County,6629.71427815536,43946
41582,NV,Washoe County,8525.71427815536,421407
46322,NY,Albany County,9641.71427815536,304204
46337,NY,Allegany County,5705.71427815536,48946
46352,NY,Bronx County,17981.7142781554,1385108
46367,NY,Broome County,6473.71427815536,200600
46382,NY,Cattaraugus County,5621.71427815536,80317
46397,NY,Cayuga County,6245.71427815536,80026
46412,NY,Chautauqua County,5597.71427815536,134905
46427,NY,Chemung County,6749.71427815536,88830
46442,NY,Chenango County,5969.71427815536,50477
46457,NY,Clinton County,6701.71427815536,82128
46472,NY,Columbia County,7769.71427815536,63096
46487,NY,Cortland County,6761.71427815536,49336
46502,NY,Delaware County,5933.71427815536,47980
46517,NY,Dutchess County,11669.7142781554,297488
46532,NY,Erie County,7133.71427815536,919040
46547,NY,Essex County,6989.71427815536,39370
46562,NY,Franklin County,6233.71427815536,51599
46577,NY,Fulton County,6425.71427815536,55531
46592,NY,Genesee County,6401.71427815536,60079
46607,NY,Greene County,8129.71427815536,49221
46637,NY,Herkimer County,6089.71427815536,64519
46652,NY,Jefferson County,9353.71427815536,116229
46667,NY,Kings County,17981.7142781554,2504700
46682,NY,Lewis County,6377.71427815536,27087
46697,NY,Livingston County,7913.71427815536,65393
46712,NY,Madison County,7049.71427815536,73442
46727,NY,Monroe County,7913.71427815536,744344
46742,NY,Montgomery County,6617.71427815536,50219
46757,NY,Nassau County,17369.7142781554,1339532
46772,NY,New York County,17981.7142781554,1585873
46787,NY,Niagara County,7133.71427815536,216469
46802,NY,Oneida County,6089.71427815536,234878
46817,NY,Onondaga County,7049.71427815536,467026
46832,NY,Ontario County,7913.71427815536,107931
46847,NY,Orange County,11669.7142781554,372813
46862,NY,Orleans County,7913.71427815536,42883
46877,NY,Oswego County,7049.71427815536,122109
46892,NY,Otsego County,6677.71427815536,62259
46907,NY,Putnam County,17981.7142781554,99710
46922,NY,Queens County,17981.7142781554,2230722
46937,NY,Rensselaer County,9641.71427815536,159429
46952,NY,Richmond County,17981.7142781554,468730
46967,NY,Rockland County,17981.7142781554,311687
46997,NY,Saratoga County,9641.71427815536,219607
47012,NY,Schenectady County,9641.71427815536,154727
47027,NY,Schoharie County,9641.71427815536,32749
47057,NY,Seneca County,6869.71427815536,35251
46982,NY,St. Lawrence County,6401.71427815536,111944
47072,NY,Steuben County,6185.71427815536,98990
47087,NY,Suffolk County,17369.7142781554,1493350
47102,NY,Sullivan County,8249.71427815536,77547
47117,NY,Tioga County,6473.71427815536,51125
47132,NY,Tompkins County,10085.7142781554,101564
47147,NY,Ulster County,10337.7142781554,182493
47162,NY,Warren County,7925.71427815536,65707
47177,NY,Washington County,7925.71427815536,63216
47192,NY,Wayne County,7913.71427815536,93772
47207,NY,Westchester County,16349.7142781554,949113
47222,NY,Wyoming County,5429.71427815536,42155
47237,NY,Yates County,6557.71427815536,25348
49547,OH,Adams County,5225.71427815536,28550
49562,OH,Allen County,5537.71427815536,106331
49577,OH,Ashland County,5153.71427815536,53139
49592,OH,Ashtabula County,5105.71427815536,101497
49607,OH,Athens County,6821.71427815536,64757
49622,OH,Auglaize County,5045.71427815536,45949
49637,OH,Belmont County,5417.71427815536,70400
49652,OH,Brown County,5429.71427815536,44846
49667,OH,Butler County,6833.71427815536,368130
49682,OH,Carroll County,5825.71427815536,28836
49697,OH,Champaign County,5309.71427815536,40097
49712,OH,Clark County,6149.71427815536,138333
49727,OH,Clermont County,6833.71427815536,197363
49742,OH,Clinton County,5393.71427815536,42040
49757,OH,Columbiana County,5453.71427815536,107841
49772,OH,Coshocton County,5117.71427815536,36901
49787,OH,Crawford County,5225.71427815536,43784
49802,OH,Cuyahoga County,6929.71427815536,1280122
49817,OH,Darke County,5069.71427815536,52959
49832,OH,Defiance County,5057.71427815536,39037
49847,OH,Delaware County,7925.71427815536,174214
49862,OH,Erie County,5585.71427815536,77079
49877,OH,Fairfield County,7925.71427815536,146156
49892,OH,Fayette County,5645.71427815536,29030
49907,OH,Franklin County,7925.71427815536,1163414
49922,OH,Fulton County,5513.71427815536,42698
49937,OH,Gallia County,5945.71427815536,30934
49952,OH,Geauga County,6929.71427815536,93389
49967,OH,Greene County,5981.71427815536,161573
49982,OH,Guernsey County,5513.71427815536,40087
49997,OH,Hamilton County,6833.71427815536,802374
50012,OH,Hancock County,5561.71427815536,74782
50027,OH,Hardin County,4985.71427815536,32058
50057,OH,Henry County,5945.71427815536,28215
50072,OH,Highland County,5585.71427815536,43589
50087,OH,Hocking County,5645.71427815536,29380
50102,OH,Holmes County,5261.71427815536,42366
50117,OH,Huron County,5093.71427815536,59626
50132,OH,Jackson County,5237.71427815536,33225
50147,OH,Jefferson County,5453.71427815536,69709
50162,OH,Knox County,5333.71427815536,60921
50177,OH,Lake County,6929.71427815536,230041
50192,OH,Lawrence County,6101.71427815536,62450
50207,OH,Licking County,7925.71427815536,166492
50222,OH,Logan County,5525.71427815536,45858
50237,OH,Lorain County,6929.71427815536,301356
50252,OH,Lucas County,5513.71427815536,441815
50267,OH,Madison County,7925.71427815536,43435
50282,OH,Mahoning County,5321.71427815536,238823
50297,OH,Marion County,5657.71427815536,66501
50312,OH,Medina County,6929.71427815536,172332
50342,OH,Mercer County,4985.71427815536,40814
50357,OH,Miami County,5981.71427815536,102506
50387,OH,Montgomery County,5981.71427815536,535153
50417,OH,Morrow County,7925.71427815536,34827
50432,OH,Muskingum County,5477.71427815536,86074
50462,OH,Ottawa County,5741.71427815536,41428
50492,OH,Perry County,5297.71427815536,36058
50507,OH,Pickaway County,7925.71427815536,55698
50522,OH,Pike County,5465.71427815536,28709
50537,OH,Portage County,6269.71427815536,161419
50552,OH,Preble County,5057.71427815536,42270
50567,OH,Putnam County,5393.71427815536,34499
50582,OH,Richland County,4985.71427815536,124475
50597,OH,Ross County,5561.71427815536,78064
50612,OH,Sandusky County,5321.71427815536,60944
50627,OH,Scioto County,5945.71427815536,79499
50642,OH,Seneca County,4985.71427815536,56745
50657,OH,Shelby County,5717.71427815536,49423
50672,OH,Stark County,5825.71427815536,375586
50687,OH,Summit County,6269.71427815536,541781
50702,OH,Trumbull County,5321.71427815536,210312
50717,OH,Tuscarawas County,5537.71427815536,92582
50732,OH,Union County,7229.71427815536,52300
50747,OH,Van Wert County,4985.71427815536,28744
50777,OH,Warren County,6833.71427815536,212693
50792,OH,Washington County,5117.71427815536,61778
50807,OH,Wayne County,5693.71427815536,114520
50822,OH,Williams County,5321.71427815536,37642
50837,OH,Wood County,5513.71427815536,125488
50957,OK,Bryan County,5225.71427815536,42416
50972,OK,Caddo County,5297.71427815536,29600
50987,OK,Canadian County,7061.71427815536,115541
51002,OK,Carter County,5969.71427815536,47557
51017,OK,Cherokee County,5753.71427815536,46987
51062,OK,Cleveland County,7061.71427815536,255755
51092,OK,Comanche County,5537.71427815536,124098
51137,OK,Creek County,6821.71427815536,69967
51152,OK,Custer County,5261.71427815536,27469
51167,OK,Delaware County,5141.71427815536,41487
51212,OK,Garfield County,5765.71427815536,60580
51227,OK,Garvin County,5813.71427815536,27576
51242,OK,Grady County,5141.71427815536,52431
51347,OK,Jackson County,5585.71427815536,26446
51392,OK,Kay County,5213.71427815536,46562
51452,OK,Le Flore County,5417.71427815536,50384
51467,OK,Lincoln County,5141.71427815536,34273
51482,OK,Logan County,7061.71427815536,41848
51587,OK,Mayes County,5165.71427815536,41259
51512,OK,McClain County,7061.71427815536,34506
51527,OK,McCurtain County,5141.71427815536,33151
51617,OK,Muskogee County,5165.71427815536,70990
51677,OK,Oklahoma County,7061.71427815536,718633
51692,OK,Okmulgee County,5477.71427815536,40069
51707,OK,Osage County,6821.71427815536,47472
51722,OK,Ottawa County,5465.71427815536,31848
51752,OK,Payne County,6497.71427815536,77350
51767,OK,Pittsburg County,5621.71427815536,45837
51782,OK,Pontotoc County,5369.71427815536,37492
51797,OK,Pottawatomie County,5609.71427815536,69442
51842,OK,Rogers County,6821.71427815536,86905
51857,OK,Seminole County,5141.71427815536,25482
51872,OK,Sequoyah County,5141.71427815536,42391
51887,OK,Stephens County,5369.71427815536,45048
51932,OK,Tulsa County,6821.71427815536,603403
51947,OK,Wagoner County,6821.71427815536,73085
51962,OK,Washington County,6221.71427815536,50976
52037,OR,Benton County,9425.71427815536,85579
52052,OR,Clackamas County,13601.7142781554,375992
52067,OR,Clatsop County,7193.71427815536,37039
52082,OR,Columbia County,13601.7142781554,49351
52097,OR,Coos County,7001.71427815536,63043
52142,OR,Deschutes County,9401.71427815536,157733
52157,OR,Douglas County,8069.71427815536,107667
52232,OR,Jackson County,7757.71427815536,203206
52262,OR,Josephine County,7457.71427815536,82713
52277,OR,Klamath County,5597.71427815536,66380
52307,OR,Lane County,8153.71427815536,351715
52322,OR,Lincoln County,7157.71427815536,46034
52337,OR,Linn County,7925.71427815536,116672
52352,OR,Malheur County,5321.71427815536,31313
52367,OR,Marion County,7625.71427815536,315335
52397,OR,Multnomah County,13601.7142781554,735334
52412,OR,Polk County,7625.71427815536,75403
52442,OR,Tillamook County,6113.71427815536,25250
52457,OR,Umatilla County,5717.71427815536,75889
52472,OR,Union County,5429.71427815536,25748
52502,OR,Wasco County,8561.71427815536,25213
52517,OR,Washington County,13601.7142781554,529710
52547,OR,Yamhill County,13601.7142781554,99193
52562,PA,Adams County,8045.71427815536,101407
52577,PA,Allegheny County,7493.71427815536,1223348
52592,PA,Armstrong County,5945.71427815536,68941
52607,PA,Beaver County,7493.71427815536,170539
52622,PA,Bedford County,5873.71427815536,49762
52637,PA,Berks County,8297.71427815536,411442
52652,PA,Blair County,6449.71427815536,127089
52667,PA,Bradford County,5489.71427815536,62622
52682,PA,Bucks County,10697.7142781554,625249
52697,PA,Butler County,7493.71427815536,183862
52712,PA,Cambria County,5669.71427815536,143679
52742,PA,Carbon County,9437.71427815536,65249
52757,PA,Centre County,9437.71427815536,153990
52772,PA,Chester County,10697.7142781554,498886
52787,PA,Clarion County,5873.71427815536,39988
52802,PA,Clearfield County,5597.71427815536,81642
52817,PA,Clinton County,5501.71427815536,39238
52832,PA,Columbia County,6749.71427815536,67295
52847,PA,Crawford County,5441.71427815536,88765
52862,PA,Cumberland County,8549.71427815536,235406
52877,PA,Dauphin County,8549.71427815536,268100
52892,PA,Delaware County,10697.7142781554,558979
52907,PA,Elk County,5189.71427815536,31946
52922,PA,Erie County,6365.71427815536,280566
52937,PA,Fayette County,7493.71427815536,136606
52967,PA,Franklin County,7193.71427815536,149618
52997,PA,Greene County,5849.71427815536,38686
53012,PA,Huntingdon County,5549.71427815536,45913
53027,PA,Indiana County,6437.71427815536,88880
53042,PA,Jefferson County,5357.71427815536,45200
53072,PA,Lackawanna County,6425.71427815536,214437
53087,PA,Lancaster County,9221.71427815536,519445
53102,PA,Lawrence County,5525.71427815536,91108
53117,PA,Lebanon County,7217.71427815536,133568
53132,PA,Lehigh County,9437.71427815536,349497
53147,PA,Luzerne County,6425.71427815536,320918
53162,PA,Lycoming County,7121.71427815536,116111
53177,PA,McKean County,5213.71427815536,43450
53192,PA,Mercer County,5369.71427815536,116638
53207,PA,Mifflin County,5837.71427815536,46682
53222,PA,Monroe County,9245.71427815536,169842
53237,PA,Montgomery County,10697.7142781554,799874
53267,PA,Northampton County,9437.71427815536,297735
53282,PA,Northumberland County,5333.71427815536,94528
53297,PA,Perry County,8549.71427815536,45969
53312,PA,Philadelphia County,10697.7142781554,1526006
53327,PA,Pike County,9737.71427815536,57369
53357,PA,Schuylkill County,5465.71427815536,148289
53372,PA,Snyder County,5465.71427815536,39702
53387,PA,Somerset County,5549.71427815536,77742
53417,PA,Susquehanna County,5657.71427815536,43356
53432,PA,Tioga County,6269.71427815536,41981
53447,PA,Union County,6113.71427815536,44947
53462,PA,Venango County,5513.71427815536,54984
53477,PA,Warren County,5765.71427815536,41815
53492,PA,Washington County,7493.71427815536,207820
53507,PA,Wayne County,6761.71427815536,52822
53522,PA,Westmoreland County,7493.71427815536,365169
53537,PA,Wyoming County,6425.71427815536,28276
53552,PA,York County,7457.71427815536,434972
0,RI,Kent County,9461.71427815536,166158
0,RI,Newport County,9461.71427815536,82888
0,RI,Providence County,9461.71427815536,626667
54152,SC,Abbeville County,5033.71427815536,25417
54167,SC,Aiken County,7157.71427815536,160099
54197,SC,Anderson County,6161.71427815536,187126
54242,SC,Beaufort County,10769.7142781554,162233
54257,SC,Berkeley County,10397.7142781554,177843
54287,SC,Charleston County,10397.7142781554,350209
54302,SC,Cherokee County,5165.71427815536,55342
54317,SC,Chester County,5141.71427815536,33140
54332,SC,Chesterfield County,6005.71427815536,46734
54347,SC,Clarendon County,5717.71427815536,34971
54362,SC,Colleton County,6545.71427815536,38892
54377,SC,Darlington County,5825.71427815536,68681
54392,SC,Dillon County,5897.71427815536,32062
54407,SC,Dorchester County,10397.7142781554,136555
54422,SC,Edgefield County,7157.71427815536,26985
54452,SC,Florence County,6053.71427815536,136885
54467,SC,Georgetown County,6065.71427815536,60158
54482,SC,Greenville County,7853.71427815536,451225
54497,SC,Greenwood County,5717.71427815536,69661
54527,SC,Horry County,8357.71427815536,269291
54557,SC,Kershaw County,6593.71427815536,61697
54572,SC,Lancaster County,6305.71427815536,76652
54587,SC,Laurens County,5501.71427815536,66537
54617,SC,Lexington County,8849.71427815536,262391
54647,SC,Marion County,6005.71427815536,33062
54662,SC,Marlboro County,5393.71427815536,28933
54677,SC,Newberry County,5573.71427815536,37508
54692,SC,Oconee County,5093.71427815536,74273
54707,SC,Orangeburg County,5369.71427815536,92501
54722,SC,Pickens County,7853.71427815536,119224
54737,SC,Richland County,8849.71427815536,384504
54767,SC,Spartanburg County,6377.71427815536,284307
54782,SC,Sumter County,6257.71427815536,107456
54797,SC,Union County,5033.71427815536,28961
54812,SC,Williamsburg County,5081.71427815536,34423
54827,SC,York County,9557.71427815536,226073
54902,SD,Brookings County,6233.71427815536,31965
54917,SD,Brown County,5549.71427815536,36531
55037,SD,Codington County,5549.71427815536,27227
55442,SD,Lincoln County,7373.71427815536,44828
55517,SD,Meade County,5837.71427815536,25434
55562,SD,Minnehaha County,7373.71427815536,169468
55607,SD,Pennington County,6845.71427815536,100948
55832,TN,Anderson County,7169.71427815536,75129
55847,TN,Bedford County,5489.71427815536,45058
55892,TN,Blount County,7169.71427815536,123010
55907,TN,Bradley County,6041.71427815536,98963
55922,TN,Campbell County,4409.71427815536,40716
55952,TN,Carroll County,4949.71427815536,28522
55967,TN,Carter County,5417.71427815536,57424
55982,TN,Cheatham County,9725.71427815536,39105
56012,TN,Claiborne County,4637.71427815536,32213
56042,TN,Cocke County,4409.71427815536,35662
56057,TN,Coffee County,4973.71427815536,52796
56087,TN,Cumberland County,4637.71427815536,56053
56102,TN,Davidson County,9725.71427815536,626681
56147,TN,Dickson County,9725.71427815536,49666
56162,TN,Dyer County,4613.71427815536,38335
56177,TN,Fayette County,7697.71427815536,38413
56207,TN,Franklin County,4409.71427815536,41052
56222,TN,Gibson County,5297.71427815536,49683
56237,TN,Giles County,5285.71427815536,29485
56267,TN,Greene County,4493.71427815536,68831
56297,TN,Hamblen County,5321.71427815536,62544
56312,TN,Hamilton County,7121.71427815536,336463
56342,TN,Hardeman County,4409.71427815536,27253
56357,TN,Hardin County,5129.71427815536,26026
56372,TN,Hawkins County,5141.71427815536,56833
56402,TN,Henderson County,4757.71427815536,27769
56417,TN,Henry County,4601.71427815536,32330
56492,TN,Jefferson County,5321.71427815536,51407
56522,TN,Knox County,7169.71427815536,432226
56552,TN,Lauderdale County,5009.71427815536,27815
56567,TN,Lawrence County,4889.71427815536,41869
56597,TN,Lincoln County,4649.71427815536,33361
56612,TN,Loudon County,7169.71427815536,48556
56672,TN,Madison County,6401.71427815536,98294
56687,TN,Marion County,7121.71427815536,28237
56702,TN,Marshall County,5249.71427815536,30617
56717,TN,Maury County,7505.71427815536,80956
56627,TN,McMinn County,5285.71427815536,52266
56642,TN,McNairy County,4409.71427815536,26075
56747,TN,Monroe County,4997.71427815536,44519
56762,TN,Montgomery County,7061.71427815536,172331
56807,TN,Obion County,4781.71427815536,31807
56882,TN,Putnam County,5249.71427815536,72321
56897,TN,Rhea County,4877.71427815536,31809
56912,TN,Roane County,5765.71427815536,54181
56927,TN,Robertson County,9725.71427815536,66283
56942,TN,Rutherford County,9725.71427815536,262604
56987,TN,Sevier County,6293.71427815536,89889
57002,TN,Shelby County,7697.71427815536,927644
57047,TN,Sullivan County,5141.71427815536,156823
57062,TN,Sumner County,9725.71427815536,160645
57077,TN,Tipton County,7697.71427815536,61081
57152,TN,Warren County,4553.71427815536,39839
57167,TN,Washington County,5417.71427815536,122979
57197,TN,Weakley County,4637.71427815536,35021
57212,TN,White County,4565.71427815536,25841
57227,TN,Williamson County,9725.71427815536,183182
57242,TN,Wilson County,9725.71427815536,113993
57257,TX,Anderson County,6725.71427815536,58458
57287,TX,Angelina County,7253.71427815536,86771
57347,TX,Atascosa County,6533.71427815536,44911
57362,TX,Austin County,8297.71427815536,28417
57407,TX,Bastrop County,11825.7142781554,74171
57437,TX,Bee County,6941.71427815536,31861
57452,TX,Bell County,5909.71427815536,310235
57467,TX,Bexar County,8921.71427815536,1714773
57527,TX,Bowie County,6293.71427815536,92565
57542,TX,Brazoria County,10013.7142781554,313166
57557,TX,Brazos County,7997.71427815536,194851
57617,TX,Brown County,5969.71427815536,38106
57647,TX,Burnet County,7469.71427815536,42750
57662,TX,Caldwell County,11825.7142781554,38066
57707,TX,Cameron County,5549.71427815536,406220
57752,TX,Cass County,5141.71427815536,30464
57782,TX,Chambers County,9677.71427815536,35096
57797,TX,Cherokee County,5285.71427815536,50845
57887,TX,Collin County,10661.7142781554,782341
57932,TX,Comal County,8921.71427815536,108472
57977,TX,Cooke County,6605.71427815536,38437
57992,TX,Coryell County,5909.71427815536,75388
58097,TX,Dallas County,10661.7142781554,2368139
58157,TX,Denton County,10661.7142781554,662614
58262,TX,Ector County,9581.71427815536,137130
58307,TX,El Paso County,6929.71427815536,800647
58292,TX,Ellis County,10661.7142781554,149610
58322,TX,Erath County,6989.71427815536,37890
58352,TX,Fannin County,5525.71427815536,33915
58427,TX,Fort Bend County,9677.71427815536,585375
58502,TX,Galveston County,9677.71427815536,291309
58607,TX,Grayson County,7289.71427815536,120877
58622,TX,Gregg County,7985.71427815536,121730
58637,TX,Grimes County,5141.71427815536,26604
58652,TX,Guadalupe County,8921.71427815536,131533
58667,TX,Hale County,6017.71427815536,36273
58742,TX,Hardin County,7733.71427815536,54635
58757,TX,Harris County,9677.71427815536,4092459
58772,TX,Harrison County,6953.71427815536,65631
58817,TX,Hays County,11825.7142781554,157107
58847,TX,Henderson County,6485.71427815536,78532
58862,TX,Hidalgo County,5825.71427815536,774769
58877,TX,Hill County,5849.71427815536,35089
58907,TX,Hood County,8561.71427815536,51182
58922,TX,Hopkins County,5825.71427815536,35161
58952,TX,Howard County,7385.71427815536,35012
58982,TX,Hunt County,10661.7142781554,86129
59057,TX,Jasper County,5921.71427815536,35710
59087,TX,Jefferson County,7733.71427815536,252273
59117,TX,Jim Wells County,6305.71427815536,40838
59132,TX,Johnson County,9029.71427815536,150934
59177,TX,Kaufman County,10661.7142781554,103350
59192,TX,Kendall County,10601.7142781554,33410
59237,TX,Kerr County,7613.71427815536,49625
59297,TX,Kleberg County,6137.71427815536,32061
59327,TX,Lamar County,5993.71427815536,49793
59432,TX,Liberty County,9677.71427815536,75643
59522,TX,Lubbock County,7505.71427815536,278831
59657,TX,Matagorda County,6221.71427815536,36702
59672,TX,Maverick County,5345.71427815536,54258
59567,TX,McLennan County,6329.71427815536,234906
59687,TX,Medina County,6101.71427815536,46006
59717,TX,Midland County,11597.7142781554,136872
59792,TX,Montgomery County,9677.71427815536,455746
59852,TX,Nacogdoches County,7037.71427815536,64524
59867,TX,Navarro County,6341.71427815536,47735
59912,TX,Nueces County,9305.71427815536,340223
59957,TX,Orange County,7733.71427815536,81837
59972,TX,Palo Pinto County,6005.71427815536,28111
60002,TX,Parker County,9029.71427815536,116927
60047,TX,Polk County,5621.71427815536,45413
60062,TX,Potter County,6641.71427815536,121073
60107,TX,Randall County,6641.71427815536,120725
60227,TX,Rockwall County,10661.7142781554,78337
60257,TX,Rusk County,5981.71427815536,53330
60302,TX,San Jacinto County,5477.71427815536,26384
60317,TX,San Patricio County,9305.71427815536,64804
60392,TX,Shelby County,5141.71427815536,25448
60422,TX,Smith County,7757.71427815536,209714
60452,TX,Starr County,5345.71427815536,60968
60542,TX,Tarrant County,9029.71427815536,1809034
60557,TX,Taylor County,6245.71427815536,131506
60617,TX,Titus County,5597.71427815536,32334
60632,TX,Tom Green County,7577.71427815536,110224
60647,TX,Travis County,11825.7142781554,1024266
60692,TX,Upshur County,7985.71427815536,39309
60722,TX,Uvalde County,6125.71427815536,26405
60737,TX,Val Verde County,5321.71427815536,48879
60752,TX,Van Zandt County,5789.71427815536,52579
60767,TX,Victoria County,8201.71427815536,86793
60782,TX,Walker County,8009.71427815536,67861
60797,TX,Waller County,9677.71427815536,43205
60827,TX,Washington County,7721.71427815536,33718
60842,TX,Webb County,6905.71427815536,250304
60857,TX,Wharton County,6377.71427815536,41280
60887,TX,Wichita County,5981.71427815536,131500
60932,TX,Williamson County,11825.7142781554,422679
60947,TX,Wilson County,8921.71427815536,42918
60977,TX,Wise County,9077.71427815536,59127
60992,TX,Wood County,5981.71427815536,41964
61082,UT,Box Elder County,5321.71427815536,49975
61097,UT,Cache County,5561.71427815536,112656
61142,UT,Davis County,7349.71427815536,306479
61217,UT,Iron County,5969.71427815536,46163
61322,UT,Salt Lake County,9233.71427815536,1029655
61352,UT,Sanpete County,5129.71427815536,27822
61382,UT,Summit County,10517.7142781554,36324
61397,UT,Tooele County,7805.71427815536,58218
61412,UT,Uintah County,7097.71427815536,32588
61427,UT,Utah County,7805.71427815536,516564
61457,UT,Washington County,7397.71427815536,138115
61487,UT,Weber County,7349.71427815536,231236
65327,VA,Accomack County,6269.71427815536,33164
65342,VA,Albemarle County,12545.7142781554,98970
66752,VA,Alexandria city,16241.7142781554,139966
65387,VA,Amherst County,6437.71427815536,32353
65417,VA,Arlington County,16241.7142781554,207627
65432,VA,Augusta County,6725.71427815536,73750
65462,VA,Bedford County,6437.71427815536,68676
65492,VA,Botetourt County,6545.71427815536,33148
65552,VA,Campbell County,6437.71427815536,54842
65567,VA,Caroline County,9977.71427815536,28545
65582,VA,Carroll County,6125.71427815536,30042
66812,VA,Charlottesville city,12545.7142781554,43475
66827,VA,Chesapeake city,9893.71427815536,222209
65627,VA,Chesterfield County,9977.71427815536,316236
65672,VA,Culpeper County,8261.71427815536,46689
66872,VA,Danville city,5153.71427815536,43055
65717,VA,Dinwiddie County,9977.71427815536,28001
65747,VA,Fairfax County,16241.7142781554,1081726
65762,VA,Fauquier County,16241.7142781554,65203
65792,VA,Fluvanna County,12545.7142781554,25691
65807,VA,Franklin County,5141.71427815536,56159
65822,VA,Frederick County,7481.71427815536,78305
65852,VA,Gloucester County,9893.71427815536,36858
65927,VA,Halifax County,5141.71427815536,36241
66977,VA,Hampton city,9893.71427815536,137436
65942,VA,Hanover County,9977.71427815536,99863
66992,VA,Harrisonburg city,6929.71427815536,48914
65957,VA,Henrico County,9977.71427815536,306935
65972,VA,Henry County,5249.71427815536,54151
66002,VA,Isle of Wight County,9893.71427815536,35270
66017,VA,James City County,9893.71427815536,67009
66092,VA,Lee County,6125.71427815536,25587
66107,VA,Loudoun County,16241.7142781554,312311
66122,VA,Louisa County,9041.71427815536,33153
67037,VA,Lynchburg city,6437.71427815536,75568
67052,VA,Manassas city,16241.7142781554,37821
66182,VA,Mecklenburg County,5741.71427815536,32727
66212,VA,Montgomery County,7901.71427815536,94392
67097,VA,Newport News city,9893.71427815536,180719
67112,VA,Norfolk city,9893.71427815536,242803
66302,VA,Orange County,7757.71427815536,33481
67142,VA,Petersburg city,9977.71427815536,32420
66347,VA,Pittsylvania County,5153.71427815536,63506
67172,VA,Portsmouth city,9893.71427815536,95535
66362,VA,Powhatan County,9977.71427815536,28046
66392,VA,Prince George County,9977.71427815536,35725
66407,VA,Prince William County,16241.7142781554,402002
66422,VA,Pulaski County,6125.71427815536,34872
67202,VA,Richmond city,9977.71427815536,204214
66467,VA,Roanoke County,6545.71427815536,92376
67217,VA,Roanoke city,6545.71427815536,97032
66497,VA,Rockingham County,6929.71427815536,76314
66512,VA,Russell County,5765.71427815536,28897
66542,VA,Shenandoah County,6269.71427815536,41993
66557,VA,Smyth County,5429.71427815536,32208
66587,VA,Spotsylvania County,16241.7142781554,122397
66602,VA,Stafford County,16241.7142781554,128961
67262,VA,Suffolk city,9893.71427815536,84585
66647,VA,Tazewell County,5525.71427815536,45078
67277,VA,Virginia Beach city,9893.71427815536,437994
66662,VA,Warren County,7865.71427815536,37575
66677,VA,Washington County,5141.71427815536,54876
67322,VA,Winchester city,7481.71427815536,26203
66707,VA,Wise County,5237.71427815536,41452
66722,VA,Wythe County,5285.71427815536,29235
66737,VA,York County,9893.71427815536,65464
0,VT,Addison County,9089.71427815536,36821
0,VT,Bennington County,8357.71427815536,37125
0,VT,Caledonia County,7481.71427815536,31227
0,VT,Chittenden County,13217.7142781554,156515
0,VT,Orange County,7613.71427815536,28936
0,VT,Orleans County,6761.71427815536,27231
0,VT,Rutland County,8249.71427815536,61642
0,VT,Windsor County,8513.71427815536,56670
67367,WA,Benton County,8129.71427815536,175177
67382,WA,Chelan County,7697.71427815536,72453
67397,WA,Clallam County,7805.71427815536,71404
67412,WA,Clark County,13601.7142781554,425363
67442,WA,Cowlitz County,7373.71427815536,102410
67457,WA,Douglas County,7697.71427815536,38431
67487,WA,Franklin County,8129.71427815536,78163
67517,WA,Grant County,6497.71427815536,89120
67532,WA,Grays Harbor County,6497.71427815536,72797
67547,WA,Island County,9425.71427815536,78506
67562,WA,Jefferson County,7961.71427815536,29872
67577,WA,King County,17477.7142781554,1931249
67592,WA,Kitsap County,9941.71427815536,251133
67607,WA,Kittitas County,7409.71427815536,40915
67637,WA,Lewis County,7109.71427815536,75455
67667,WA,Mason County,8297.71427815536,60699
67682,WA,Okanogan County,6509.71427815536,41120
67727,WA,Pierce County,10385.7142781554,795225
67757,WA,Skagit County,8129.71427815536,116901
67787,WA,Snohomish County,17477.7142781554,713335
67802,WA,Spokane County,6821.71427815536,471221
67817,WA,Stevens County,5633.71427815536,43531
67832,WA,Thurston County,10049.7142781554,252264
67862,WA,Walla Walla County,7613.71427815536,58781
67877,WA,Whatcom County,8525.71427815536,201140
67892,WA,Whitman County,6821.71427815536,44776
67907,WA,Yakima County,6437.71427815536,243231
68777,WI,Barron County,5225.71427815536,45870
68807,WI,Brown County,6593.71427815536,248007
68852,WI,Calumet County,5969.71427815536,48971
68867,WI,Chippewa County,6137.71427815536,62415
68882,WI,Clark County,5429.71427815536,34690
68897,WI,Columbia County,6677.71427815536,56833
68927,WI,Dane County,9965.71427815536,488073
68942,WI,Dodge County,5981.71427815536,88759
68957,WI,Door County,6305.71427815536,27785
68972,WI,Douglas County,6833.71427815536,44159
68987,WI,Dunn County,5537.71427815536,43857
69002,WI,Eau Claire County,6137.71427815536,98736
69032,WI,Fond du Lac County,6053.71427815536,101633
69062,WI,Grant County,5465.71427815536,51208
69077,WI,Green County,5873.71427815536,36842
69152,WI,Jefferson County,6473.71427815536,83686
69167,WI,Juneau County,5285.71427815536,26664
69182,WI,Kenosha County,7061.71427815536,166426
69212,WI,La Crosse County,6281.71427815536,114638
69257,WI,Lincoln County,5465.71427815536,28743
69272,WI,Manitowoc County,5165.71427815536,81442
69287,WI,Marathon County,6053.71427815536,134063
69302,WI,Marinette County,5141.71427815536,41749
69347,WI,Milwaukee County,7829.71427815536,947735
69362,WI,Monroe County,6125.71427815536,44673
69377,WI,Oconto County,5657.71427815536,37660
69392,WI,Oneida County,6233.71427815536,35998
69407,WI,Outagamie County,5969.71427815536,176695
69422,WI,Ozaukee County,7829.71427815536,86395
69452,WI,Pierce County,9773.71427815536,41019
69467,WI,Polk County,5873.71427815536,44205
69482,WI,Portage County,5669.71427815536,70019
69512,WI,Racine County,6653.71427815536,195408
69542,WI,Rock County,6137.71427815536,160331
69587,WI,Sauk County,6497.71427815536,61976
69617,WI,Shawano County,5273.71427815536,41949
69632,WI,Sheboygan County,5933.71427815536,115507
69572,WI,St. Croix County,9773.71427815536,84345
69662,WI,Trempealeau County,5141.71427815536,28816
69677,WI,Vernon County,5165.71427815536,29773
69707,WI,Walworth County,6773.71427815536,102228
69737,WI,Washington County,7829.71427815536,131887
69752,WI,Waukesha County,7829.71427815536,389891
69767,WI,Waupaca County,5621.71427815536,52410
69797,WI,Winnebago County,6065.71427815536,166994
69812,WI,Wood County,5165.71427815536,74749
67937,WV,Berkeley County,8801.71427815536,104169
67997,WV,Cabell County,6101.71427815536,96319
68057,WV,Fayette County,4865.71427815536,46039
68102,WV,Greenbrier County,5981.71427815536,35480
68132,WV,Hancock County,5453.71427815536,30676
68162,WV,Harrison County,5873.71427815536,69099
68177,WV,Jackson County,5333.71427815536,29211
68192,WV,Jefferson County,8081.71427815536,53498
68207,WV,Kanawha County,6845.71427815536,193063
68252,WV,Logan County,4565.71427815536,36743
68282,WV,Marion County,5729.71427815536,56418
68297,WV,Marshall County,5417.71427815536,33107
68312,WV,Mason County,5261.71427815536,27324
68327,WV,Mercer County,4769.71427815536,62264
68342,WV,Mineral County,5909.71427815536,28212
68357,WV,Mingo County,4841.71427815536,26839
68372,WV,Monongalia County,6929.71427815536,96189
68417,WV,Nicholas County,4985.71427815536,26233
68432,WV,Ohio County,5417.71427815536,44443
68492,WV,Preston County,6929.71427815536,33520
68507,WV,Putnam County,6521.71427815536,55486
68522,WV,Raleigh County,6593.71427815536,78859
68537,WV,Randolph County,5465.71427815536,29405
68657,WV,Wayne County,6101.71427815536,42481
68717,WV,Wood County,6053.71427815536,86956
69827,WY,Albany County,6329.71427815536,36299
69857,WY,Campbell County,7937.71427815536,46133
69917,WY,Fremont County,6209.71427815536,40123
69977,WY,Laramie County,6545.71427815536,91738
70007,WY,Natrona County,7217.71427815536,75450
70037,WY,Park County,6209.71427815536,28205
70067,WY,Sheridan County,7181.71427815536,29116
70097,WY,Sweetwater County,7349.71427815536,43806
