OBJECTID,UOGID,NAME,TYPE,STUSAB,STATE,CDBG_AMT,ESG_AMT,HOME_AMT,HOPWA_AMT,TOT_AMT,YEAR,SHAPE_Length,SHAPE_Area
1,61152,EL MONTE,52,CA,6,1729563,143759,733071,0,2606393,2018,0.322466259,0.002440529
2,61230,ESCONDIDO,52,CA,6,1791466,143015,648960,0,2583441,2018,1.616819332,0.00934282
3,61410,FRESNO,51,CA,6,6904510,578163,3180063,499903,11162639,2018,3.494200702,0.02984104
4,61464,GLENDALE,51,CA,6,1852537,147107,1301897,0,3301541,2018,0.568092783,0.007742625
5,62088,LONG BEACH,51,CA,6,6099577,496583,3011176,0,9607336,2018,1.651578244,0.012913429
6,62292,MODESTO,51,CA,6,2003752,164535,992925,0,3161212,2018,1.613785329,0.011846787
7,62367,MORENO VALLEY,52,CA,6,2100293,174726,744392,0,3019411,2018,0.792715319,0.012998553
8,62508,OAKLAND,51,CA,6,7584263,628532,3042249,2835545,14090589,2018,1.498896324,0.015683643
9,62622,OXNARD,51,CA,6,2502719,196549,791219,0,3490487,2018,0.969038517,0.006886314
10,62724,PASADENA,51,CA,6,1984992,158823,818655,0,2962470,2018,0.85215542,0.005856337
11,63048,RIVERSIDE,51,CA,6,3281692,275223,1218230,2587369,7362514,2018,1.063668095,0.020579605
12,63144,SACRAMENTO,51,CA,6,4864247,399920,2633111,1177649,9074927,2018,1.629292249,0.02679951
13,69037,LOS ANGELES COUNTY,61,CA,6,23428902,1870616,9194761,0,34494279,2018,23.38111885,0.750508627
14,69077,SAN JOAQUIN COUNTY,61,CA,6,2684764,222298,1109301,0,4016363,2018,6.248207417,0.355786259
15,122292,ORLANDO,51,FL,12,2122812,167990,1277372,3841118,7409292,2018,3.950324953,0.026431913
16,63162,SALINAS,51,CA,6,2093734,170830,838381,0,3102945,2018,0.517490762,0.006244856
17,63210,SAN DIEGO,51,CA,6,11853593,982411,5778826,3686397,22301227,2018,4.323137879,0.082064963
18,63228,SAN FRANCISCO,51,CA,6,18139217,1479175,5896427,7162248,32677067,2018,1.225899755,0.012552182
19,63342,SANTA ANA,51,CA,6,5816959,475700,1783004,0,8075663,2018,0.657537307,0.006887583
20,69001,ALAMEDA COUNTY,61,CA,6,2002219,158448,3289478,0,5450145,2018,5.394709507,0.120968061
21,429011,BERKS COUNTY,61,PA,42,2292600,186472,633868,0,3112940,2018,2.595629842,0.23513505
22,429029,CHESTER COUNTY,61,PA,42,2561340,209176,1152764,0,3923280,2018,2.662684759,0.207310733
23,429045,DELAWARE COUNTY,61,PA,42,3610623,296708,971710,0,4879041,2018,1.874220039,0.044315016
24,429071,LANCASTER COUNTY,61,PA,42,2863387,235509,1837064,0,4935960,2018,3.359115836,0.266892346
25,429079,LUZERNE COUNTY,61,PA,42,4145468,340729,765483,0,5251680,2018,3.009128359,0.246721084
26,429091,MONTGOMERY COUNTY,61,PA,42,3267341,265971,1329959,0,4863271,2018,2.819450615,0.111831797
27,429125,WASHINGTON COUNTY,61,PA,42,3477368,284470,632569,0,4394407,2018,2.641427978,0.235863368
28,429133,YORK COUNTY,61,PA,42,2158832,174860,884681,0,3218373,2018,3.020747403,0.247026365
29,429999,PENNSYLVANIA,21,PA,42,40661628,5564720,21049020,3114895,70390263,2018,31.64668599,10.11252272
30,440210,PAWTUCKET,52,RI,44,1870542,155978,547363,0,2573883,2018,0.276150618,0.002482439
31,449999,RHODE ISLAND,21,RI,44,5437131,680116,3723228,0,9840475,2018,8.896296568,0.294382152
32,459019,CHARLESTON COUNTY,61,SC,45,1762846,146328,798461,0,2707635,2018,21.21749018,0.219709653
33,459051,HORRY COUNTY,61,SC,45,2066748,182883,1112810,0,3362441,2018,5.124280474,0.280575031
34,459063,LEXINGTON COUNTY,61,SC,45,1792871,143711,711436,0,2648018,2018,3.152004705,0.193990486
35,469999,SOUTH DAKOTA,21,SD,46,5700865,582097,3008138,0,9291100,2018,23.90420035,22.57827835
36,470336,CHATTANOOGA,51,TN,47,1691055,140831,893257,0,2725143,2018,2.784856184,0.037624741
37,471242,MEMPHIS,51,TN,47,6586442,540655,3580035,3547703,14254835,2018,2.592311394,0.083422532
38,340414,CAMDEN,51,NJ,34,2432146,197146,877220,925922,4432434,2018,0.297355611,0.002822172
39,179097,LAKE COUNTY,61,IL,17,2882825,216362,1684900,0,4784087,2018,4.040891419,0.133884164
40,179197,WILL COUNTY,61,IL,17,2090783,141915,1284391,0,3517089,2018,10.54370691,0.222426436
41,180954,EVANSVILLE,51,IN,18,2625817,217217,738503,0,3581537,2018,0.806093545,0.012783498
42,181104,GARY,51,IN,18,3288214,272407,623955,0,4184576,2018,0.701010685,0.014037478
43,69013,CONTRA COSTA COUNTY,61,CA,6,4651189,368211,3451522,0,8470922,2018,5.310678034,0.174784521
44,69029,KERN COUNTY,61,CA,6,4824203,366542,1972907,0,7163652,2018,13.28033098,2.047642255
45,69059,ORANGE COUNTY,61,CA,6,3253262,215846,1050496,0,4519604,2018,7.262358759,0.09279666
46,69067,SACRAMENTO COUNTY,61,CA,6,5713987,461638,3180255,0,9355880,2018,6.040632256,0.216736977
47,69071,SAN BERNARDINO COUNTY,61,CA,6,7199407,586907,3394488,0,11180802,2018,16.31354979,4.995469956
48,69079,SAN LUIS OBISPO COUNTY,61,CA,6,1912980,148036,1051839,0,3112855,2018,6.552797396,0.852434726
49,69081,SAN MATEO COUNTY,61,CA,6,2606598,205222,1617142,0,4428962,2018,3.837819638,0.106935002
50,69097,SONOMA COUNTY,61,CA,6,1859218,152599,887581,0,2899398,2018,6.791066385,0.410488904
51,80288,COLORADO SPRINGS,51,CO,8,2997381,243746,1521171,0,4762298,2018,3.293184975,0.052677801
52,90102,BRIDGEPORT,51,CT,9,3208903,258173,1182820,958450,5608346,2018,0.656168534,0.004563608
53,90726,NEW HAVEN,51,CT,9,3761700,307289,1344897,1076899,6490785,2018,0.556000251,0.005363176
54,100336,WILMINGTON,51,DE,10,2183011,182956,552461,772728,3691156,2018,0.487151406,0.003228159
55,109999,DELAWARE,21,DE,10,2254936,201681,3008138,270436,5735191,2018,7.314824146,0.414480161
56,91194,WATERBURY,52,CT,9,2146218,175851,859735,0,3181804,2018,0.401801453,0.008090556
57,110006,DISTRICT OF COLUMBIA,51,DC,11,15223007,1241749,5637890,11221025,33323671,2018,1.167732876,0.016742094
58,121236,HIALEAH,52,FL,12,2709505,207078,1435652,0,4352235,2018,0.507306078,0.005314597
59,122724,ST PETERSBURG,51,FL,12,1774180,146784,940914,0,2861878,2018,3.186329284,0.015268837
60,123000,TALLAHASSEE,51,FL,12,1887892,160982,983614,0,3032488,2018,3.242206974,0.025134807
61,123012,TAMPA,51,FL,12,3159459,251923,1695248,3864852,8971482,2018,2.99898466,0.028155888
62,129011,BROWARD COUNTY,61,FL,12,2728858,217454,3657397,0,6603709,2018,5.804843711,0.207214411
63,129021,COLLIER COUNTY,61,FL,12,2519179,191703,697393,0,3408275,2018,11.92162526,0.472859502
64,129057,HILLSBOROUGH COUNTY,61,FL,12,6962758,546769,2761057,0,10270584,2018,6.356208319,0.226782398
65,129071,LEE COUNTY,61,FL,12,3008725,238555,983519,0,4230799,2018,14.21503242,0.150125895
66,339999,NEW HAMPSHIRE,21,NH,33,8849833,870215,3879488,0,13599536,2018,12.53965943,2.668740111
67,330930,MANCHESTER,51,NH,33,1833319,150641,675241,0,2659201,2018,0.537185565,0.009993807
68,129081,MANATEE COUNTY,61,FL,12,1891041,148976,684100,0,2724117,2018,7.846676585,0.173729388
69,129086,MIAMI-DADE COUNTY,61,FL,12,12757975,1040107,4844547,0,18642629,2018,9.730756424,0.432500631
70,129095,ORANGE COUNTY,61,FL,12,6508258,518950,2749111,0,9776319,2018,13.32536565,0.191865503
71,129101,PASCO COUNTY,61,FL,12,2905340,233424,1184193,0,4322957,2018,4.832384858,0.178099411
72,129103,PINELLAS COUNTY,61,FL,12,2431096,224144,1349340,0,4004580,2018,10.75035722,0.039106212
73,129105,POLK COUNTY,61,FL,12,3496218,265524,1277198,0,5038940,2018,12.83250052,0.435862399
74,129117,SEMINOLE COUNTY,61,FL,12,1906512,149759,734777,0,2791048,2018,3.359498406,0.076296939
75,129127,VOLUSIA COUNTY,61,FL,12,1856367,155890,802479,0,2814736,2018,12.44715472,0.257709796
76,130174,ATLANTA,51,GA,13,7185087,595393,2136864,23101950,33019294,2018,1.563187016,0.033780859
77,130192,AUGUSTA-RICHMOND COUNTY,51,GA,13,1773043,148479,992568,1059712,3973802,2018,1.760552177,0.082444091
78,131968,MACON-BIBB,51,GA,13,1835269,143001,862049,0,2840319,2018,1.60906676,0.064526551
79,139063,CLAYTON COUNTY,61,GA,13,2632458,211985,1115833,0,3960276,2018,1.19369919,0.035609947
80,139067,COBB COUNTY,61,GA,13,3710086,284440,1606366,0,5600892,2018,3.198780117,0.081034325
81,139121,FULTON COUNTY,61,GA,13,1916230,182909,861925,0,2961064,2018,3.080461919,0.075480882
82,139135,GWINNETT COUNTY,61,GA,13,5690094,457865,2230090,0,8378049,2018,2.380830438,0.111726119
83,150144,HONOLULU,51,HI,15,8035248,648992,3141694,567630,12393564,2018,4.138428715,0.136190901
84,171296,CHICAGO,51,IL,17,78904033,6490003,20803171,9009631,115206838,2018,2.573398642,0.064890305
85,175526,PEORIA,51,IL,17,1715087,139601,715855,0,2570543,2018,1.679150972,0.014003392
86,176000,ROCKFORD,51,IL,17,2130539,178770,992417,0,3301726,2018,3.228620772,0.018187626
87,179031,COOK COUNTY,61,IL,17,10805545,834885,6764251,0,18404681,2018,9.114046127,0.159990756
88,10228,BIRMINGHAM,51,AL,1,5881301,481528,1499847,1244128,9106804,2018,7.272347383,0.037322095
89,11542,MOBILE,51,AL,1,2347011,193122,862989,0,3403122,2018,2.229172096,0.036327363
90,19073,JEFFERSON COUNTY,61,AL,1,2355502,188997,1043593,0,3588092,2018,14.82099267,0.244136024
91,171332,CICERO,52,IL,17,1706247,141357,0,0,1847604,2018,0.180839228,0.001646585
92,175154,OAK PARK,52,IL,17,1686004,137063,0,0,1823067,2018,0.148172298,0.001320578
93,19999,ALABAMA,21,AL,1,23158500,2572695,11817675,1975929,39524799,2018,35.12453263,12.52165722
94,29999,ALASKA,21,AK,2,2958723,235176,3008138,0,6202037,2018,845.2828967,278.7416627
95,40186,GLENDALE,51,AZ,4,2475175,204382,0,0,2679557,2018,2.084906326,0.015374035
96,40270,MESA,51,AZ,4,3634821,288990,1451891,0,5375702,2018,3.134932468,0.034403973
97,40492,TUCSON,51,AZ,4,5518866,448878,3508146,589416,10065306,2018,4.134419301,0.058886886
98,49013,MARICOPA COUNTY,61,AZ,4,2967937,249545,4656813,0,7874295,2018,26.12806615,1.945812806
99,49999,ARIZONA,21,AZ,4,11743486,1747908,6141681,309509,19942584,2018,45.86800173,24.52387686
100,60078,ANAHEIM,51,CA,6,4258685,365684,1504518,1988481,8117368,2018,1.382878334,0.013010277
101,60228,BAKERSFIELD,51,CA,6,3638234,293680,1494389,496350,5922653,2018,4.435805545,0.038518647
102,60324,BERKELEY,51,CA,6,2679928,219480,793509,0,3692917,2018,0.405757727,0.002820216
103,489439,TARRANT COUNTY,61,TX,48,4061696,229385,1471847,0,5762928,2018,9.846966288,0.117306075
104,539061,SNOHOMISH COUNTY,61,WA,53,3060216,246964,2020077,0,5327257,2018,6.357763638,0.641687707
105,181014,FORT WAYNE,51,IN,18,1958440,166262,1096554,0,3221256,2018,1.64580216,0.030765171
106,232484,PORTLAND CITY,51,ME,23,1895922,157131,1151710,0,3204763,2018,1.173429029,0.00626456
107,274164,ST PAUL,51,MN,27,6822334,566521,1938350,0,9327205,2018,0.658947264,0.01659002
108,369029,ERIE COUNTY,61,NY,36,3036359,222084,899449,0,4157892,2018,3.937670704,0.24574991
109,391362,DAYTON,51,OH,39,5717022,466277,1545781,0,7729080,2018,2.412340544,0.015397966
110,425793,READING,51,PA,42,2604014,217817,1027240,0,3849071,2018,0.38390199,0.002781551
111,481680,EL PASO,51,TX,48,6255263,527078,2584816,492798,9859955,2018,2.463190814,0.063794595
112,179043,DU PAGE COUNTY,61,IL,17,3953783,290385,1823932,0,6068100,2018,3.833963566,0.081838581
113,479999,TENNESSEE,21,TN,47,27437829,2977606,14391943,1243245,46050623,2018,28.36552313,10.63205107
114,480222,ARLINGTON,51,TX,48,3295613,265881,1253024,0,4814518,2018,1.291125867,0.024916442
115,480726,BROWNSVILLE,51,TX,48,2698987,229698,920577,0,3849262,2018,3.700432017,0.034143218
116,481338,DALLAS,51,TX,48,14810163,1203874,5886901,6645116,28546054,2018,5.057035312,0.0946985
117,481998,GARLAND,52,TX,48,2127843,168535,748755,0,3045133,2018,0.926222495,0.01411866
118,482628,IRVING,51,TX,48,2208616,182309,830823,0,3221748,2018,0.774102397,0.016962011
119,483042,LAREDO,51,TX,48,3729949,306204,1178458,0,5214611,2018,2.890607942,0.02860221
120,484068,PASADENA,52,TX,48,1652416,138429,544284,0,2335129,2018,1.508233327,0.011053912
121,489113,DALLAS COUNTY,61,TX,48,2159423,171624,752043,0,3083090,2018,4.953803109,0.062978586
122,489157,FORT BEND COUNTY,61,TX,48,2650441,213917,685016,0,3549374,2018,6.699757771,0.191107332
123,489201,HARRIS COUNTY,61,TX,48,13385550,1104804,4271239,0,18761593,2018,27.10187711,0.244830106
124,489339,MONTGOMERY COUNTY,61,TX,48,2597984,219997,688627,0,3506608,2018,7.549015335,0.238069792
125,340798,ELIZABETH,52,NJ,34,1778202,162019,916535,0,2856756,2018,0.295790111,0.003430431
126,341464,JERSEY CITY,51,NJ,34,5603099,453186,2019702,2422186,10498173,2018,0.586259868,0.004124098
127,342190,NEWARK,51,NJ,34,7175818,584249,2662579,5867175,16289821,2018,0.629413681,0.006729925
128,129083,MARION COUNTY,61,FL,12,1878567,159716,891055,0,2929338,2018,6.111171072,0.385255866
129,129099,PALM BEACH COUNTY,61,FL,12,6442365,524079,2340834,0,9307278,2018,8.19594203,0.462547347
130,129115,SARASOTA COUNTY,61,FL,12,1655633,137472,0,0,1793105,2018,3.391952129,0.132569941
131,129999,FLORIDA,21,FL,12,27084070,5380797,20096274,7406619,59967760,2018,192.7962388,9.420137053
132,181272,HAMMOND,52,IN,18,2135746,176413,483840,0,2795999,2018,0.485472112,0.006680633
133,182886,SOUTH BEND,51,IN,18,2572155,212959,1030317,0,3815431,2018,1.348704488,0.011683728
134,189999,INDIANA,21,IN,18,30613848,3634870,14568483,1250586,50067787,2018,23.40375935,9.695654531
135,191362,DES MOINES,51,IA,19,3692162,306430,1035653,0,5034245,2018,1.241045667,0.02563806
136,201776,KANSAS CITY,51,KS,20,2237090,181922,846746,0,3265758,2018,0.975039687,0.034633433
137,203408,TOPEKA,51,KS,20,1828435,147220,601656,0,2577311,2018,1.612592054,0.016671567
138,209999,KANSAS,21,KS,20,14946612,1557055,6477943,512927,23494537,2018,27.59884914,21.90903465
139,211314,LEXINGTON-FAYETTE,51,KY,21,2303582,187372,1314292,0,3805246,2018,1.5662489,0.075903683
140,219999,KENTUCKY,21,KY,21,25137103,2365442,13818654,700717,42021916,2018,24.83780522,10.48633543
141,220126,BATON ROUGE,51,LA,22,3145425,256333,1457679,2577040,7436477,2018,5.036548457,0.083484295
142,221650,SHREVEPORT,51,LA,22,1808647,148890,913592,0,2871129,2018,4.25738538,0.032744441
143,229051,JEFFERSON PARISH,61,LA,22,2579006,217656,1572130,0,4368792,2018,6.048746688,0.114931798
144,239999,MAINE,21,ME,23,11645252,1303506,4665103,0,17613861,2018,79.1557697,9.660322211
145,240066,BALTIMORE,51,MD,24,21415592,1745185,4499064,8417340,36077181,2018,1.607666465,0.022003255
146,249005,BALTIMORE COUNTY,61,MD,24,4060062,322916,2146960,0,6529938,2018,5.785043067,0.16490145
147,249031,MONTGOMERY COUNTY,61,MD,24,4637289,374421,1932285,0,6943995,2018,2.739366491,0.133210638
148,249999,MARYLAND,21,MD,24,7778516,1071832,6239169,1982344,17071861,2018,73.05625218,2.113256747
149,250282,BOSTON,51,MA,25,17229498,1418872,5863642,2588781,27100793,2018,1.868696861,0.014025673
150,250396,CAMBRIDGE,51,MA,25,2671379,220976,665070,0,3557425,2018,0.282456702,0.002011911
151,279037,DAKOTA COUNTY,61,MN,27,1941521,160273,2512927,0,4614721,2018,2.40367232,0.175348097
152,61332,FONTANA,52,CA,6,2089303,166466,722667,0,2978436,2018,0.764231186,0.010888008
153,109003,NEW CASTLE COUNTY,61,DE,10,2318157,187215,991978,0,3497350,2018,2.764004481,0.114491007
154,169999,IDAHO,21,ID,16,8213561,1031627,5333727,0,14578915,2018,31.76245348,24.45940346
155,250744,FALL RIVER,52,MA,25,2886062,237218,1096713,0,4219993,2018,0.644270213,0.011022396
156,251194,LAWRENCE,52,MA,25,1742830,137175,930233,0,2810238,2018,0.221549332,0.002107259
157,251284,LOWELL,52,MA,25,2063192,164810,804500,1416588,4449090,2018,0.304933575,0.004129305
158,251302,LYNN,52,MA,25,2494689,207328,856040,0,3558057,2018,0.306244415,0.00326514
159,251614,NEW BEDFORD,52,MA,25,2630602,218352,896847,0,3745801,2018,0.518647306,0.005680566
160,251650,NEWTON,51,MA,25,1918213,156262,1597353,0,3671828,2018,0.397003846,0.005138732
161,251992,QUINCY,52,MA,25,1798521,150286,823713,0,2772520,2018,0.759636514,0.004666988
162,259999,MASSACHUSETTS,21,MA,25,33055855,4414916,9836197,274934,47581902,2018,34.03407651,2.216656127
163,261698,DETROIT,51,MI,26,34379413,2816974,7243157,2723332,47162876,2018,1.690485952,0.039363221
164,262172,FLINT,51,MI,26,3872807,320815,909367,0,5102989,2018,0.864327343,0.009611626
165,262544,GRAND RAPIDS,51,MI,26,3758582,309795,1410592,0,5478969,2018,0.963964687,0.012935641
166,263456,LANSING,51,MI,26,2006536,167605,794822,0,2968963,2018,1.16218584,0.01158092
167,252250,SOMERVILLE,52,MA,25,2472527,202461,541004,0,3215992,2018,0.207629982,0.001169692
168,252340,SPRINGFIELD,51,MA,25,3809591,309679,1579372,585390,6284032,2018,0.437407068,0.009324839
169,269049,GENESEE COUNTY,61,MI,26,1828984,151935,868520,0,2849439,2018,2.964355766,0.17539559
170,269081,KENT COUNTY,61,MI,26,1759497,136428,979922,0,2875847,2018,3.332266744,0.228658386
171,269099,MACOMB COUNTY,61,MI,26,1863007,154440,1797863,0,3815310,2018,2.615114387,0.10345296
172,269125,OAKLAND COUNTY,61,MI,26,5439436,327422,3066105,0,8832963,2018,3.439274178,0.226867963
173,269161,WASHTENAW COUNTY,61,MI,26,2109235,166259,1390533,0,3666027,2018,2.939913974,0.151780982
174,269163,WAYNE COUNTY,61,MI,26,5439813,443932,2856431,0,8740176,2018,4.170349591,0.087117283
175,269999,MICHIGAN,21,MI,26,33908855,4677190,17463780,1408774,57458599,2018,86.99072801,15.93971876
176,299999,MISSOURI,21,MO,29,22537848,2554390,12514589,701900,38308727,2018,30.72168851,18.38131775
177,312208,OMAHA,51,NE,31,4771095,390026,2296294,0,7457415,2018,3.134403213,0.038370506
178,320108,LAS VEGAS,51,NV,32,5207091,425597,2174979,1516285,9323952,2018,3.174923279,0.035275947
179,329999,NEVADA,21,NV,32,3283051,437849,3008138,327032,7056070,2018,28.06447189,27.86181447
180,261638,DEARBORN,51,MI,26,1918249,156961,0,0,2075210,2018,0.458207847,0.006922507
181,279053,HENNEPIN COUNTY,61,MN,27,2971411,229809,1846534,0,5047754,2018,3.046521899,0.131930103
182,279137,ST LOUIS COUNTY,61,MN,27,1929025,162426,581466,0,2672917,2018,7.078000613,2.065420093
183,279999,MINNESOTA,21,MN,27,18512875,2055825,8363982,198445,29131127,2018,42.02341721,23.10745265
184,280726,JACKSON,51,MS,28,1886268,148069,967752,1453290,4455379,2018,1.537241239,0.028087173
185,289999,MISSISSIPPI,21,MS,28,24891669,2214775,10407867,1313577,38827888,2018,28.56613158,11.85610933
186,292670,KANSAS CITY,51,MO,29,7752278,639957,2380452,1419904,12192591,2018,3.512226878,0.086067043
187,294626,ST LOUIS,51,MO,29,17798425,1461624,2962106,1824610,24046765,2018,0.752090008,0.017677365
188,299189,ST LOUIS COUNTY,61,MO,29,5605876,449066,3751455,0,9806397,2018,4.159928786,0.129939184
189,309999,MONTANA,21,MT,30,6276521,677704,3106687,0,10060912,2018,38.26717787,45.05576031
190,273120,MINNEAPOLIS,51,MN,27,11166657,922113,2854358,1361885,16305013,2018,0.635456282,0.016975774
191,311710,LINCOLN,51,NE,31,1831192,150536,1157936,0,3139664,2018,1.952275155,0.026308085
192,319999,NEBRASKA,21,NE,31,10754320,942140,4032977,478117,16207554,2018,28.58765338,21.54916433
193,320138,NORTH LAS VEGAS,52,NV,32,2026478,166233,0,0,2192711,2018,2.419911059,0.031755556
194,320150,RENO,51,NV,32,2172128,173881,1459596,0,3805605,2018,3.832754378,0.030529982
195,329003,CLARK COUNTY,61,NV,32,7664005,615884,3934490,0,12214379,2018,14.67812128,1.981620198
196,11560,MONTGOMERY,51,AL,1,1756276,139508,985165,0,2880949,2018,2.66533535,0.040653979
197,20078,ANCHORAGE,51,AK,2,1726068,145198,733068,0,2604334,2018,5.060209664,0.748158041
198,40330,PHOENIX,51,AZ,4,16402823,1323382,5867196,2378741,25972142,2018,5.581526266,0.129059639
199,49019,PIMA COUNTY,61,AZ,4,2903833,233076,0,0,3136909,2018,11.57189195,2.214715167
200,59999,ARKANSAS,21,AR,5,17714610,2071846,10207827,721555,30715838,2018,22.15122135,13.58513835
201,60720,CHULA VISTA,52,CA,6,2289135,179761,947625,0,3416521,2018,1.000934737,0.012408997
202,429003,ALLEGHENY COUNTY,61,PA,42,13727298,1122864,3177459,0,18027621,2018,4.0965174,0.181673768
203,429007,BEAVER COUNTY,61,PA,42,3234180,267813,460805,0,3962798,2018,1.452909069,0.122417916
204,390858,CANTON,51,OH,39,2583276,212944,653549,0,3449769,2018,1.625213386,0.007057977
205,399035,CUYAHOGA COUNTY,61,OH,39,3894692,314059,2703220,0,6911971,2018,3.171954153,0.085607383
206,411098,PORTLAND,51,OR,41,8590688,701174,4134231,1409247,14835340,2018,2.110110252,0.043333905
207,425529,PITTSBURGH,51,PA,42,13913919,1148214,2362447,948891,18373471,2018,1.289116265,0.016037428
208,481206,CORPUS CHRISTI,51,TX,48,2687817,216522,1188809,0,4093148,2018,8.194948659,0.044750138
209,489039,BRAZORIA COUNTY,61,TX,48,1836324,144642,552808,0,2533774,2018,5.659870637,0.336344042
210,252880,WORCESTER,51,MA,25,4368288,355942,1580338,587285,6891853,2018,0.443858951,0.01086882
211,63258,SAN JOSE,51,CA,6,8927311,737828,3550726,1131945,14347810,2018,4.844492323,0.047110018
212,63624,STOCKTON,51,CA,6,3451760,290376,1759186,0,5501322,2018,2.248181807,0.017192675
213,69019,FRESNO COUNTY,61,CA,6,2822153,278824,1069615,0,4170592,2018,14.20020905,1.527935661
214,69065,RIVERSIDE COUNTY,61,CA,6,7749093,678024,2496018,0,10923135,2018,15.98844435,1.694860618
215,69073,SAN DIEGO COUNTY,61,CA,6,4144285,335938,3287878,0,7768101,2018,11.56192874,0.907675235
216,69099,STANISLAUS COUNTY,61,CA,6,2390534,195964,0,0,2586498,2018,6.161832668,0.38221051
217,69111,VENTURA COUNTY,61,CA,6,1739049,145872,667279,0,2552200,2018,8.001154846,0.429835321
218,69999,CALIFORNIA,21,CA,6,30610333,11776926,45447167,3355813,91190239,2018,124.5721532,25.99798506
219,89999,COLORADO,21,CO,8,10055294,1965723,6671702,567866,19260585,2018,31.69341075,27.90309763
220,90492,HARTFORD,51,CT,9,3351552,279651,1408188,1147501,6186892,2018,0.348493754,0.0050634
221,99999,CONNECTICUT,21,CT,9,13247397,2180513,9304249,246668,24978827,2018,14.03774664,1.365536361
222,342466,PATERSON,52,NJ,34,2272921,185243,1334211,1608136,5400511,2018,0.233996321,0.002409719
223,343216,TRENTON,51,NJ,34,1553874,210158,822420,0,2586452,2018,0.299769811,0.002234904
224,349003,BERGEN COUNTY,61,NJ,34,9104086,739508,2814468,0,12658062,2018,1.389380721,0.066438409
225,349007,CAMDEN COUNTY,61,NJ,34,2378081,194143,1116674,0,3688898,2018,1.9951078,0.045018493
226,349013,ESSEX COUNTY,61,NJ,34,5192314,423923,1184280,0,6800517,2018,1.107671599,0.025258149
227,349017,HUDSON COUNTY,61,NJ,34,1969138,165432,2717885,0,4852455,2018,0.731318707,0.005128975
228,349023,MIDDLESEX COUNTY,61,NJ,34,1857906,146399,1548837,0,3553142,2018,1.930774001,0.053540522
229,349025,MONMOUTH COUNTY,61,NJ,34,2618435,199439,1493634,0,4311508,2018,3.530805613,0.11767866
230,349027,MORRIS COUNTY,61,NJ,34,1932888,159260,845330,0,2937478,2018,3.300010949,0.123584264
231,349039,UNION COUNTY,61,NJ,34,4476281,364289,1286352,0,6126922,2018,1.118857545,0.022753606
232,349999,NEW JERSEY,21,NJ,34,6716197,2933940,5113599,1499957,16263693,2018,37.42911601,1.58739912
233,350012,ALBUQUERQUE,51,NM,35,4460081,357711,2147996,0,6965788,2018,3.842072902,0.048522967
234,359999,NEW MEXICO,21,NM,35,11086607,1122034,5241485,808226,18258352,2018,27.52645341,30.84423728
235,360040,ALBANY,51,NY,36,3368677,278205,922288,637488,5206658,2018,0.571879253,0.006238545
236,484758,SAN ANTONIO,51,TX,48,12741544,1044792,5491627,1606272,20884235,2018,6.303609048,0.112434231
237,491092,SALT LAKE CITY,51,UT,49,3527179,291238,999940,472196,5290553,2018,1.473338418,0.030701167
238,360556,BINGHAMTON,51,NY,36,1894684,154562,511176,0,2560422,2018,0.346269704,0.003138959
239,363160,ISLIP TOWN,52,NY,36,1902819,148308,677060,0,2728187,2018,2.171577348,0.028823546
240,364436,NEW YORK,51,NY,36,166605497,13529906,75481734,44228148,299845285,2018,7.003917423,0.083330176
241,365544,ROCHESTER,51,NY,36,8084177,674005,2570413,890163,12218758,2018,1.16109826,0.010543979
242,365848,SCHENECTADY,51,NY,36,2238619,187522,1188662,0,3614803,2018,0.301033219,0.003125025
243,366376,SYRACUSE,51,NY,36,4878739,401206,1452152,0,6732097,2018,0.554345168,0.00732664
244,366468,TONAWANDA TOWN,52,NY,36,1665083,136335,0,0,1801418,2018,0.412168922,0.00535636
245,366500,TROY,51,NY,36,1756812,146826,0,0,1903638,2018,0.287867462,0.003148039
246,366612,UTICA,51,NY,36,2447259,197502,694059,0,3338820,2018,0.470979136,0.004872193
247,367260,YONKERS,52,NY,36,3365440,277639,1180175,0,4823254,2018,0.345315747,0.005105074
248,369059,NASSAU COUNTY,61,NY,36,14217229,1174057,2493935,0,17885221,2018,8.006101674,0.05898022
249,369071,ORANGE COUNTY,61,NY,36,1727262,138158,1231539,0,3096959,2018,3.124039015,0.2300158
250,369103,SUFFOLK COUNTY,61,NY,36,1207904,262918,726913,0,2197735,2018,10.62624845,0.107531017
251,369999,NEW YORK,21,NY,36,50869910,5956365,27207422,2998342,87032039,2018,54.94939097,12.63753605
252,370828,DURHAM,51,NC,37,1994053,161862,1159276,379840,3695031,2018,4.317773791,0.028916292
253,372304,RALEIGH,51,NC,37,3205888,258582,1574951,0,5039421,2018,6.136463527,0.03865576
254,373180,WINSTON-SALEM,51,NC,37,2214393,177701,1378614,0,3770708,2018,2.472985478,0.035125943
255,379999,NORTH CAROLINA,21,NC,37,47936112,4993667,18319973,2836965,74086717,2018,115.9367551,12.32169214
256,389999,NORTH DAKOTA,21,ND,38,3961967,446900,3008138,0,7417005,2018,25.74473948,21.84646266
257,391062,CINCINNATI,51,OH,39,11586525,960301,2860970,896793,16304589,2018,2.083343367,0.021465527
258,391104,CLEVELAND,51,OH,39,21175297,1739682,4861218,1241586,29017783,2018,1.642161928,0.02181116
259,392628,LAKEWOOD,52,OH,39,2011852,163019,0,0,2174871,2018,0.233643892,0.001554261
260,394998,SPRINGFIELD,51,OH,39,1838408,148427,543630,0,2530465,2018,1.460565019,0.006958394
261,395874,YOUNGSTOWN,51,OH,39,3511342,288985,658004,0,4458331,2018,0.596142424,0.009602659
262,399049,FRANKLIN COUNTY,61,OH,39,1966306,159680,875003,0,3000989,2018,13.56492943,0.094551673
263,399113,MONTGOMERY COUNTY,61,OH,39,1934057,155438,1088087,0,3177582,2018,4.469544741,0.107648507
264,399999,OHIO,21,OH,39,44880743,5744253,24793348,1666895,77085239,2018,34.12125714,10.76906064
265,403036,TULSA,51,OK,40,3349811,274358,1788115,466513,5878797,2018,3.525765329,0.052110266
266,409999,OKLAHOMA,21,OK,40,13922990,1525140,8356961,327506,24132597,2018,35.86426931,17.79374537
267,419999,OREGON,21,OR,41,13162331,1812161,9567644,500140,25042276,2018,40.67389117,27.38054219
268,420096,ALLENTOWN,51,PA,42,2289483,189753,949494,0,3428730,2018,0.661858746,0.004966294
269,422178,ERIE,51,PA,42,3086611,251291,904894,0,4242796,2018,0.482711596,0.005404814
270,423573,LANCASTER CITY,51,PA,42,1679235,139155,0,0,1818390,2018,0.745832122,0.00201127
271,425451,PHILADELPHIA,51,PA,42,42566974,3483946,11248050,7375786,64674756,2018,1.326523443,0.038463836
272,370558,CHARLOTTE,51,NC,37,5977893,482968,3297679,2529408,12287948,2018,3.649221112,0.079133426
273,489999,TEXAS,21,TX,48,65513999,8801531,34986241,3914680,113216451,2018,167.4912367,62.61885693
274,499035,SALT LAKE COUNTY,61,UT,49,2527172,211911,1849053,0,4588136,2018,5.892554309,0.159762695
275,499999,UTAH,21,UT,49,5273958,1259495,3466001,197972,10197426,2018,25.62547399,22.77964752
276,511308,RICHMOND,51,VA,51,4442476,366794,1500301,1050009,7359580,2018,0.868614798,0.016531328
277,511320,ROANOKE,51,VA,51,1732287,139611,606064,0,2477962,2018,0.699231528,0.011288353
278,519087,HENRICO COUNTY,61,VA,51,1692829,138560,897341,0,2728730,2018,2.267945318,0.064623821
279,519153,PRINCE WILLIAM COUNTY,61,VA,51,2504696,201653,919946,0,3626295,2018,2.097769884,0.095022954
280,531392,SEATTLE,51,WA,53,9488150,796553,3298415,2302251,15885369,2018,1.508590886,0.030864562
281,531488,SPOKANE,51,WA,53,3259133,271343,1269887,0,4800363,2018,1.488044258,0.022390325
282,531554,TACOMA,51,WA,53,2460156,201861,1391912,0,4053929,2018,1.464067416,0.015421543
283,539999,WASHINGTON,21,WA,53,12458664,2579924,6367744,955996,22362328,2018,72.05240703,19.04829946
284,540666,HUNTINGTON,51,WV,54,1757959,143682,704044,0,2605685,2018,0.890203497,0.004932271
285,553944,MADISON,51,WI,55,1876219,154219,1499232,0,3529670,2018,3.889649508,0.026277707
286,554340,MILWAUKEE,51,WI,55,15835003,1302832,5967429,768917,23874181,2018,1.910225867,0.027693963
287,555424,RACINE,51,WI,55,1899987,157032,534124,0,2591143,2018,0.880700404,0.004489539
288,559999,WISCONSIN,21,WI,55,26639857,3459721,11267752,614044,41981374,2018,37.39727116,16.42508739
289,729021,BAYAMON MUNICIPIO,52,PR,72,2294269,192547,1067869,0,3554685,2018,0.595522452,0.009855117
290,729025,CAGUAS MUNICIPIO,51,PR,72,1739589,142783,818747,0,2701119,2018,0.633401818,0.013066866
291,729113,PONCE MUNICIPIO,51,PR,72,2483950,211879,1072642,0,3768471,2018,1.001022024,0.025835299
292,729127,SAN JUAN MUNICIPIO,51,PR,72,6993886,568381,2655387,6234828,16452482,2018,0.867151735,0.01068484
293,80072,AURORA,51,CO,8,2904239,241052,1238811,0,4384102,2018,4.506105956,0.041815239
294,121968,MIAMI,51,FL,12,5259044,427775,3545440,11680308,20912567,2018,1.237832982,0.008540853
295,271266,DULUTH,51,MN,27,2364628,197842,596143,0,3158613,2018,2.22151084,0.020875393
296,369067,ONONDAGA COUNTY,61,NY,36,2218524,162129,662987,0,3043640,2018,3.045543212,0.223033313
297,419067,WASHINGTON COUNTY,61,OR,41,2143998,169025,1694985,0,4008008,2018,5.295784736,0.20300238
298,440306,WOONSOCKET,52,RI,44,1339672,111384,463133,0,1914189,2018,0.204484363,0.002232607
299,482514,HOUSTON,51,TX,48,23946316,1968996,9810603,9738444,45464359,2018,24.49572772,0.164551408
300,539033,KING COUNTY,61,WA,53,5338855,304190,3801609,0,9444654,2018,8.277982414,0.609529856
301,129031,JACKSONVILLE-DUVAL COUNTY,61,FL,12,6323471,509671,3210204,2645991,12689337,2018,2.499499401,0.205573749
302,459045,GREENVILLE COUNTY,61,SC,45,2720479,220051,1225415,0,4165945,2018,5.939476591,0.198717617
303,459999,SOUTH CAROLINA,21,SC,45,20234514,2391780,6988276,1824610,31439180,2018,49.80227174,6.920639496
304,471368,NASHVILLE-DAVIDSON,51,TN,47,5095429,417516,2581408,1216011,9310364,2018,2.068005112,0.136446695
305,480264,AUSTIN,51,TX,48,7895853,647777,3428034,1469160,13440824,2018,6.949877724,0.07981198
306,481896,FORT WORTH,51,TX,48,7262818,587565,2861535,1332758,12044676,2018,7.695341619,0.087206089
307,511116,NORFOLK,51,VA,51,4323842,351181,1278608,0,5953631,2018,1.044796656,0.015374936
308,61440,GARDEN GROVE,52,CA,6,2094615,168709,776883,0,3040207,2018,0.671072633,0.004562616
309,62118,LOS ANGELES,51,CA,6,53651938,4448633,28252954,17618957,103972482,2018,5.445311362,0.119708665
310,62556,ONTARIO,51,CA,6,1849306,156098,709939,0,2715343,2018,0.545872965,0.012644384
311,62850,POMONA,52,CA,6,2167226,181281,803709,0,3152216,2018,0.487183829,0.005807684
312,63180,SAN BERNARDINO,51,CA,6,3376861,275207,1385676,0,5037744,2018,2.406081482,0.01816147
313,132916,SAVANNAH,51,GA,13,2265982,183495,890611,0,3340088,2018,3.414807851,0.026858374
314,139089,DE KALB COUNTY,61,GA,13,5249506,427296,2293057,0,7969859,2018,1.635664569,0.062818921
315,139999,GEORGIA,21,GA,13,40937567,4239224,23031186,3040147,71248124,2018,44.52827821,14.06809088
316,170342,AURORA,52,IL,17,1641583,136287,750553,0,2528423,2018,2.590755042,0.012831687
317,179999,ILLINOIS,21,IL,17,28944705,4612743,16288968,1535465,51381881,2018,43.82580706,14.69504947
318,181404,INDIANAPOLIS,51,IN,18,9193590,743746,4283672,1253901,15474909,2018,2.102862349,0.101556754
319,199999,IOWA,21,IA,19,23792313,2677053,7649135,561946,34680447,2018,22.02868421,15.8319372
320,203696,WICHITA,51,KS,20,2806389,230074,1498828,0,4535291,2018,4.222788166,0.043914591
321,211374,LOUISVILLE-CDBG,51,KY,21,11205618,922491,3187560,757786,16073455,2018,1.609633651,0.105916633
322,221296,NEW ORLEANS,51,LA,22,12434552,1012117,2741764,3891572,20080005,2018,1.917808299,0.082953936
323,172238,EVANSTON,51,IL,17,1788178,146023,384889,0,2319090,2018,0.259844536,0.002188726
324,229999,LOUISIANA,21,LA,22,21638489,2300920,10369418,1743146,36051973,2018,145.9778342,11.13738353
325,249003,ANNE ARUNDEL COUNTY,61,MD,24,1964167,158508,780628,0,2903303,2018,8.386803655,0.110207861
326,249033,PRINCE GEORGES COUNTY,61,MD,24,4987427,409657,1631301,0,7028385,2018,3.896635967,0.124708582
327,369055,MONROE COUNTY,61,NY,36,1804848,148799,1162797,0,3116444,2018,2.802796327,0.161533728
328,369087,ROCKLAND COUNTY,61,NY,36,1604910,192236,687165,0,2484311,2018,2.03828342,0.039393422
329,371188,GREENSBORO,51,NC,37,2161061,177564,1793959,419625,4552209,2018,4.777594777,0.034151833
330,379183,WAKE COUNTY,61,NC,37,1903054,149012,904067,716346,3672479,2018,12.73636358,0.164375258
331,390042,AKRON,51,OH,39,6070743,499371,1486290,0,8056404,2018,1.652912578,0.017310137
332,265340,SAGINAW,51,MI,26,2142651,174251,440562,0,2757464,2018,0.481306188,0.005256304
333,360784,BUFFALO,51,NY,36,13677706,1123496,3255279,720135,18776616,2018,0.696628045,0.01173363
334,364448,NIAGARA FALLS,51,NY,36,2348583,196629,484840,0,3030052,2018,0.452063266,0.004045278
335,391176,COLUMBUS,51,OH,39,7036294,582536,4323184,1109448,13051462,2018,11.29553042,0.059508961
336,395214,TOLEDO,51,OH,39,7457293,606390,2245266,0,10308949,2018,1.115325369,0.023457826
337,399061,HAMILTON COUNTY,61,OH,39,3290769,267773,1416692,0,4975234,2018,4.429201299,0.077409411
338,402268,OKLAHOMA CITY,51,OK,40,4901496,394559,2482884,702611,8481550,2018,4.646956912,0.159668272
339,419005,CLACKAMAS COUNTY,61,OR,41,2229364,179278,1065428,0,3474070,2018,4.900745738,0.561934699
340,422898,HARRISBURG,51,PA,42,1959208,163379,480830,0,2603417,2018,0.339305101,0.003253684
341,426201,SCRANTON,51,PA,42,2699526,220906,560864,0,3481296,2018,0.572318062,0.007122209
342,429129,WESTMORELAND COUNTY,61,PA,42,3409812,281726,968292,0,4659830,2018,4.292005234,0.280178385
343,440222,PROVIDENCE,51,RI,44,5034413,421403,1700757,1133603,8290176,2018,0.521633052,0.005275806
344,483288,LUBBOCK,51,TX,48,2030304,169987,975878,0,3176169,2018,1.714140367,0.032170404
345,489029,BEXAR COUNTY,61,TX,48,2389710,196678,737702,0,3324090,2018,9.227872365,0.193275194
346,489215,HIDALGO COUNTY,61,TX,48,7561596,643979,2108495,0,10314070,2018,6.877126339,0.333212426
347,509999,VERMONT,21,VT,50,6892861,628663,3008138,0,10529662,2018,9.869158292,2.798348407
348,519059,FAIRFAX COUNTY,61,VA,51,5574509,447834,2103044,0,8125387,2018,2.344874779,0.108239375
349,519999,VIRGINIA,21,VA,51,18289253,2771457,10094628,962389,32117727,2018,86.71624668,10.17843471
350,539053,PIERCE COUNTY,61,WA,53,2974281,237242,1355358,0,4566881,2018,8.563346789,0.494353383
351,549999,WEST VIRGINIA,21,WV,54,13591796,1518431,5172848,453725,20736800,2018,21.30601,6.48893471
352,569999,WYOMING,21,WY,56,3016828,313532,3509493,0,6839853,2018,22.56377587,27.98536693
353,729031,CAROLINA MUNICIPIO,52,PR,72,1866124,160080,794064,0,2820268,2018,0.849049144,0.010199384
354,729999,PUERTO RICO,21,PR,72,24363783,3572861,13798286,2034912,43769842,2018,13.27128534,0.692728316
355,80390,DENVER,51,CO,8,6859369,569662,3221104,2017134,12667269,2018,2.80420348,0.042106298
356,159999,HAWAII,21,HI,15,0,437933,3008138,258770,3704841,2018,14.44373075,1.303718091
357,429017,BUCKS COUNTY,61,PA,42,2066394,160345,1069504,0,3296243,2018,2.236524747,0.160233732
358,511590,VIRGINIA BEACH,51,VA,51,2000832,164230,1122655,1524127,4811844,2018,3.95735987,0.068696153
